Challenge_Word,Elkonin_Count,E1,E2,E3,E4,E5,E6,Set,,L1,L2,L3,L4,L5,L6
ace,2,hello,s,,,,,hello,,a,ce,,,,
ache,2,hello,k,,,,,hello,,a,che,,,,
after,4,mudslide,f,t,gorilla,,,mudslide,,a,f,t,er,,
aid,2,hello,d,,,,,hello,,ai,d,,,,
ale,2,hello,l,,,,,hello,,a,le,,,,
appear,3,think,p,sound,,,,sound,,a,pp,ear,,,
are,1,pirate,,,,,,pirate,,are,,,,,
army,3,pirate,m,spider,,,,pirate,,ar,m,y,,,
art,2,pirate,t,,,,,pirate,,ar,t,,,,
ate,2,hello,t,,,,,hello,,a,te,,,,
autumn,4,baby_monkey,t,think,m,,,baby_monkey,,au,t,u,mn,,
away,3,orcs,w,hello,,,,hello,,a,w,ay,,,
bait,3,b,hello,t,,,,hello,,b,ai,t,,,
bake,3,b,hello,k,,,,hello,,b,a,ke,,,
bar,2,b,pirate,,,,,pirate,,b,ar,,,,
bark,3,b,pirate,k,,,,pirate,,b,ar,k,,,
bat,3,b,mudslide,t,,,,mudslide,,b,a,t,,,
bath,3,b,mudslide,th,,,,mudslide,,b,a,th,,,
bear,2,b,strong_wind,,,,,strong_wind,,b,are,,,,
beard,3,b,sound,d,,,,sound,,b,ear,d,,,
bed,3,b,listen,d,,,,listen,,b,e,d,,,
beep,3,b,spider,p,,,,spider,,b,ee,p,,,
bell,3,b,listen,l,,,,listen,,b,e,ll,,,
best,4,b,listen,s,t,,,listen,,b,e,s,t,,
big,3,b,poop,g,,,,poop,,b,i,g,,,
bill,3,b,poop,l,,,,poop,,b,i,ll,,,
bird,3,b,gorilla,d,,,,gorilla,,b,ir,d,,,
blew,3,b,l,that_guy,,,,that_guy,,b,l,ew,,,
blow,3,b,l,scare,,,,scare,,b,l,ow,,,
blue,3,b,l,that_guy,,,,that_guy,,b,l,ue,,,
board,3,b,choice,d,,,,choice,,b,oar,d,,,
boast,4,b,scare,s,t,,,scare,,b,oa,s,t,,
boat,3,b,scare,t,,,,scare,,b,oa,t,,,
boil,3,b,howler_monkey,l,,,,howler_monkey,,b,oi,l,,,
bone,3,b,scare,n,,,,scare,,b,o,ne,,,
book,3,b,backpack,k,,,,backpack,,b,oo,k,,,
born,3,b,choice,n,,,,choice,,b,or,n,,,
bought,3,b,orcs,t,,,,orcs,,b,ough,t,,,
box,3,b,orcs,x,,,,orcs,,b,o,x,,,
boy,2,b,howler_monkey,,,,,howler_monkey,,b,oy,,,,
brain,4,b,r,hello,n,,,hello,,b,r,ai,n,,
bread,4,b,r,listen,d,,,listen,,b,r,ea,d,,
brew,3,b,r,that_guy,,,,that_guy,,b,r,ew,,,
brief,4,b,r,spider,f,,,spider,,b,r,ie,f,,
brown,4,b,r,bump_head,n,,,bump_head,,b,r,ow,n,,
bruise,4,b,r,that_guy,s,,,that_guy,,b,r,ui,se,,
brush,4,b,r,think,sh,,,think,,b,r,u,sh,,
brute,4,b,r,that_guy,t,,,that_guy,,b,r,u,te,,
bug,3,b,think,g,,,,think,,b,u,g,,,
burn,3,b,gorilla,n,,,,gorilla,,b,ur,n,,,
burp,3,b,gorilla,p,,,,gorilla,,b,ur,p,,,
but,3,b,think,t,,,,think,,b,u,t,,,
by,2,b,explorer,,,,,explorer,,b,y,,,,
cab,3,c,mudslide,b,,,,mudslide,,c,a,b,,,
cake,3,c,hello,k,,,,hello,,c,a,ke,,,
can,3,c,mudslide,n,,,,mudslide,,c,a,n,,,
cap,3,c,mudslide,p,,,,mudslide,,c,a,p,,,
captain,6,c,mudslide,p,t,listen,n,mudslide,,c,a,p,t,ai,n
car,2,c,pirate,,,,,pirate,,c,ar,,,,
card,3,c,pirate,d,,,,pirate,,c,ar,d,,,
care,2,c,strong_wind,,,,,strong_wind,,c,are,,,,
carrot,4,c,strong_wind,orcs,t,,,strong_wind,,c,arr,o,t,,
carry,3,c,strong_wind,spider,,,,strong_wind,,c,arr,y,,,
cat,3,c,mudslide,t,,,,mudslide,,c,a,t,,,
caught,3,c,orcs,t,,,,orcs,,c,augh,t,,,
cause,3,c,orcs,s,,,,orcs,,c,au,se,,,
cave,3,c,hello,v,,,,hello,,c,a,ve,,,
cereal,4,s,sound,spider,l,,,sound,,c,er,e,al,,
chain,3,ch,hello,n,,,,hello,,ch,ai,n,,,
chair,2,ch,strong_wind,,,,,strong_wind,,ch,air,,,,
cheer,2,ch,sound,,,,,sound,,ch,eer,,,,
child,4,ch,explorer,l,d,,,explorer,,ch,i,l,d,,
choose,3,ch,that_guy,s,,,,that_guy,,ch,oo,se,,,
church,3,ch,gorilla,ch,,,,gorilla,,ch,ur,ch,,,
churn,3,ch,gorilla,n,,,,gorilla,,ch,ur,n,,,
claw,3,c,l,baby_monkey,,,,baby_monkey,,c,l,aw,,,
clean,4,c,l,spider,n,,,spider,,c,l,ea,n,,
clear,3,c,l,sound,,,,sound,,c,l,ear,,,
close,4,c,l,scare,s,,,scare,,c,l,o,se,,
club,4,c,l,think,b,,,think,,c,l,u,b,,
clue,3,c,l,that_guy,,,,that_guy,,c,l,ue,,,
coast,4,c,scare,s,t,,,scare,,c,oa,s,t,,
coat,3,c,scare,t,,,,scare,,c,oa,t,,,
coil,3,c,howler_monkey,l,,,,howler_monkey,,c,oi,l,,,
coin,3,c,howler_monkey,n,,,,howler_monkey,,c,oi,n,,,
cold,4,c,scare,l,d,,,scare,,c,o,l,d,,
collar,4,c,orcs,l,gorilla,,,orcs,,c,o,ll,ar,,
come,3,c,think,m,,,,think,,c,o,me,,,
cone,3,c,scare,n,,,,scare,,c,o,ne,,,
cook,3,c,backpack,k,,,,backpack,,c,oo,k,,,
cool,3,c,that_guy,l,,,,that_guy,,c,oo,l,,,
cord,3,c,choice,d,,,,choice,,c,or,d,,,
cork,3,c,choice,k,,,,choice,,c,or,k,,,
corn,3,c,choice,n,,,,choice,,c,or,n,,,
could,3,c,backpack,d,,,,backpack,,c,oul,d,,,
count,4,c,bump_head,n,t,,,bump_head,,c,ou,n,t,,
cow,2,c,bump_head,,,,,bump_head,,c,ow,,,,
crab,4,c,r,mudslide,b,,,mudslide,,c,r,a,b,,
crash,4,c,r,mudslide,sh,,,mudslide,,c,r,a,sh,,
crawl,4,c,r,baby_monkey,l,,,baby_monkey,,c,r,aw,l,,
crew,3,c,r,that_guy,,,,that_guy,,c,r,ew,,,
crook,4,c,r,backpack,k,,,backpack,,c,r,oo,k,,
cruise,4,c,r,that_guy,s,,,that_guy,,c,r,ui,se,,
cry,3,c,r,explorer,,,,explorer,,c,r,y,,,
crypt,5,c,r,poop,p,t,,poop,,c,r,y,p,t,
cub,3,c,think,b,,,,think,,c,u,b,,,
cube,3,c,that_guy,b,,,,that_guy,,c,u,be,,,
cue,2,c,that_guy,,,,,that_guy,,c,ue,,,,
cupid,5,c,that_guy,p,poop,d,,that_guy,,c,u,p,i,d,
cure,2,c,give,,,,,give,,c,ure,,,,
curious,5,c,give,spider,think,s,,give,,c,ur,i,ou,s,
curl,3,c,gorilla,l,,,,gorilla,,c,ur,l,,,
cut,3,c,think,t,,,,think,,c,u,t,,,
cute,3,c,that_guy,t,,,,that_guy,,c,u,te,,,
dad,3,d,mudslide,d,,,,mudslide,,d,a,d,,,
dairy,3,d,strong_wind,spider,,,,strong_wind,,d,air,y,,,
dare,2,d,strong_wind,,,,,strong_wind,,d,are,,,,
dark,3,d,pirate,k,,,,pirate,,d,ar,k,,,
dash,3,d,mudslide,sh,,,,mudslide,,d,a,sh,,,
date,3,d,hello,t,,,,hello,,d,a,te,,,
dawn,3,d,baby_monkey,n,,,,baby_monkey,,d,aw,n,,,
day,2,d,hello,,,,,hello,,d,ay,,,,
deer,2,d,sound,,,,,sound,,d,eer,,,,
did,3,d,poop,d,,,,poop,,d,i,d,,,
die,2,d,explorer,,,,,explorer,,d,ie,,,,
dig,3,d,poop,g,,,,poop,,d,i,g,,,
dirt,3,d,gorilla,t,,,,gorilla,,d,ir,t,,,
dive,3,d,explorer,v,,,,explorer,,d,i,ve,,,
dog,3,d,orcs,g,,,,orcs,,d,o,g,,,
dollar,4,d,orcs,l,gorilla,,,orcs,,d,o,ll,ar,,
done,3,d,think,n,,,,think,,d,o,ne,,,
dough,2,d,scare,,,,,scare,,d,ough,,,,
dove,3,d,think,v,,,,think,,d,o,ve,,,
down,3,d,bump_head,n,,,,bump_head,,d,ow,n,,,
draw,3,d,r,baby_monkey,,,,baby_monkey,,d,r,aw,,,
dread,4,d,r,listen,d,,,listen,,d,r,ea,d,,
dream,4,d,r,spider,m,,,spider,,d,r,ea,m,,
drew,3,d,r,that_guy,,,,that_guy,,d,r,ew,,,
drive,4,d,r,explorer,v,,,explorer,,d,r,i,ve,,
drought,4,d,r,bump_head,t,,,bump_head,,d,r,ough,t,,
drown,4,d,r,bump_head,n,,,bump_head,,d,r,ow,n,,
earn,2,gorilla,n,,,,,gorilla,,ear,n,,,,
eat,2,spider,t,,,,,spider,,ea,t,,,,
eight,2,hello,t,,,,,hello,,eigh,t,,,,
end,3,listen,n,d,,,,listen,,e,n,d,,,
ensure,4,listen,n,sh,give,,,give,,e,n,s,ure,,
enter,4,spider,n,t,gorilla,,,spider,,e,n,t,er,,
euro,2,give,scare,,,,,give,,eur,o,,,,
eve,2,spider,v,,,,,spider,,e,ve,,,,
every,4,listen,v,gorilla,spider,,,listen,,e,v,er,y,,
face,3,f,hello,s,,,,hello,,f,a,ce,,,
far,2,f,pirate,,,,,pirate,,f,ar,,,,
farm,3,f,pirate,m,,,,pirate,,f,ar,m,,,
faster,5,f,mudslide,s,t,gorilla,,mudslide,,f,a,s,t,er,
fawn,3,f,baby_monkey,n,,,,baby_monkey,,f,aw,n,,,
fear,2,f,sound,,,,,sound,,f,ear,,,,
feed,3,f,spider,d,,,,spider,,f,ee,d,,,
feel,3,f,spider,l,,,,spider,,f,ee,l,,,
feet,3,f,spider,t,,,,spider,,f,ee,t,,,
fern,3,f,gorilla,n,,,,gorilla,,f,er,n,,,
few,2,f,that_guy,,,,,that_guy,,f,ew,,,,
field,4,f,spider,l,d,,,spider,,f,ie,l,d,,
fight,3,f,explorer,t,,,,explorer,,f,igh,t,,,
find,4,f,explorer,n,d,,,explorer,,f,i,n,d,,
fine,3,f,explorer,n,,,,explorer,,f,i,ne,,,
fire,3,f,explorer,r,,,,explorer,,f,i,re,,,
first,4,f,gorilla,s,t,,,gorilla,,f,ir,s,t,,
five,3,f,explorer,v,,,,explorer,,f,i,ve,,,
flash,4,f,l,mudslide,sh,,,mudslide,,f,l,a,sh,,
flat,4,f,l,mudslide,t,,,mudslide,,f,l,a,t,,
flew,3,f,l,that_guy,,,,that_guy,,f,l,ew,,,
flow,3,f,l,scare,,,,scare,,f,l,ow,,,
fluke,4,f,l,that_guy,k,,,that_guy,,f,l,u,ke,,
flute,4,f,l,that_guy,t,,,that_guy,,f,l,u,te,,
fly,3,f,l,explorer,,,,explorer,,f,l,y,,,
foe,2,f,scare,,,,,scare,,f,oe,,,,
foil,3,f,howler_monkey,l,,,,howler_monkey,,f,oi,l,,,
food,3,f,that_guy,d,,,,that_guy,,f,oo,d,,,
foot,3,f,backpack,t,,,,backpack,,f,oo,t,,,
for,2,f,choice,,,,,choice,,f,or,,,,
force,3,f,choice,s,,,,choice,,f,or,ce,,,
ford,3,f,choice,d,,,,choice,,f,or,d,,,
form,3,f,choice,m,,,,choice,,f,or,m,,,
fort,3,f,choice,t,,,,choice,,f,or,t,,,
found,4,f,bump_head,n,d,,,bump_head,,f,ou,n,d,,
fountain,6,f,bump_head,n,t,listen,n,bump_head,,f,ou,n,t,ai,n
four,2,f,choice,,,,,choice,,f,our,,,,
fraud,4,f,r,orcs,d,,,orcs,,f,r,au,d,,
frog,4,f,r,orcs,g,,,orcs,,f,r,o,g,,
frown,4,f,r,bump_head,n,,,bump_head,,f,r,ow,n,,
fruit,4,f,r,that_guy,t,,,that_guy,,f,r,ui,t,,
fry,3,f,r,explorer,,,,explorer,,f,r,y,,,
fuel,3,f,that_guy,l,,,,that_guy,,f,ue,l,,,
funny,4,f,think,n,spider,,,think,,f,u,nn,y,,
fur,2,f,gorilla,,,,,gorilla,,f,ur,,,,
fury,3,f,give,spider,,,,give,,f,ur,y,,,
game,3,g,hello,m,,,,hello,,g,a,me,,,
gate,3,g,hello,t,,,,hello,,g,a,te,,,
gear,2,g,sound,,,,,sound,,g,ear,,,,
get,3,g,listen,t,,,,listen,,g,e,t,,,
girl,3,g,gorilla,l,,,,gorilla,,g,ir,l,,,
globe,4,g,l,scare,b,,,scare,,g,l,o,be,,
glue,3,g,l,that_guy,,,,that_guy,,g,l,ue,,,
go,2,g,scare,,,,,scare,,g,o,,,,
goat,3,g,scare,t,,,,scare,,g,oa,t,,,
goes,3,g,scare,s,,,,scare,,g,oe,s,,,
good,3,g,backpack,d,,,,backpack,,g,oo,d,,,
gorge,3,g,choice,j,,,,choice,,g,or,ge,,,
got,3,g,orcs,t,,,,orcs,,g,o,t,,,
gown,3,g,bump_head,n,,,,bump_head,,g,ow,n,,,
grab,4,g,r,mudslide,b,,,mudslide,,g,r,a,b,,
green,4,g,r,spider,n,,,spider,,g,r,ee,n,,
grew,3,g,r,that_guy,,,,that_guy,,g,r,ew,,,
grey,3,g,r,hello,,,,hello,,g,r,ey,,,
grief,4,g,r,spider,f,,,spider,,g,r,ie,f,,
ground,5,g,r,bump_head,n,d,,bump_head,,g,r,ou,n,d,
group,4,g,r,that_guy,p,,,that_guy,,g,r,ou,p,,
grow,3,g,r,scare,,,,scare,,g,r,ow,,,
hair,2,h,strong_wind,,,,,strong_wind,,h,air,,,,
happy,4,h,mudslide,p,spider,,,mudslide,,h,a,pp,y,,
hat,3,h,mudslide,t,,,,mudslide,,h,a,t,,,
hawk,3,h,baby_monkey,k,,,,baby_monkey,,h,aw,k,,,
hay,2,h,hello,,,,,hello,,h,ay,,,,
he,2,h,spider,,,,,spider,,h,e,,,,
head,3,h,listen,d,,,,listen,,h,ea,d,,,
hear,2,h,sound,,,,,sound,,h,ear,,,,
heat,3,h,spider,t,,,,spider,,h,ea,t,,,
help,4,h,listen,l,p,,,listen,,h,e,l,p,,
hen,3,h,listen,n,,,,listen,,h,e,n,,,
her,2,h,gorilla,,,,,gorilla,,h,er,,,,
herd,3,h,gorilla,d,,,,gorilla,,h,er,d,,,
high,2,h,explorer,,,,,explorer,,h,igh,,,,
hill,3,h,poop,l,,,,poop,,h,i,ll,,,
him,3,h,poop,m,,,,poop,,h,i,m,,,
hind,4,h,explorer,n,d,,,explorer,,h,i,n,d,,
hog,3,h,orcs,g,,,,orcs,,h,o,g,,,
home,3,h,scare,m,,,,scare,,h,o,me,,,
hook,3,h,backpack,k,,,,backpack,,h,oo,k,,,
hoot,3,h,that_guy,t,,,,that_guy,,h,oo,t,,,
hope,3,h,scare,p,,,,scare,,h,o,pe,,,
horn,3,h,choice,n,,,,choice,,h,or,n,,,
hose,3,h,scare,s,,,,scare,,h,o,se,,,
hot,3,h,orcs,t,,,,orcs,,h,o,t,,,
house,3,h,bump_head,s,,,,bump_head,,h,ou,se,,,
how,2,h,bump_head,,,,,bump_head,,h,ow,,,,
howl,3,h,bump_head,l,,,,bump_head,,h,ow,l,,,
hue,2,h,that_guy,,,,,that_guy,,h,ue,,,,
hug,3,h,think,g,,,,think,,h,u,g,,,
hum,3,h,think,m,,,,think,,h,u,m,,,
hurt,3,h,gorilla,t,,,,gorilla,,h,ur,t,,,
if,2,poop,f,,,,,poop,,i,f,,,,
in,2,poop,n,,,,,poop,,i,n,,,,
insure,4,poop,n,sh,give,,,give,,i,n,s,ure,,
is,2,poop,s,,,,,poop,,i,s,,,,
it,2,poop,t,,,,,poop,,i,t,,,,
jail,3,j,hello,l,,,,hello,,j,ai,l,,,
jar,2,j,pirate,,,,,pirate,,j,ar,,,,
jaw,2,j,baby_monkey,,,,,baby_monkey,,j,aw,,,,
jay,2,j,hello,,,,,hello,,j,ay,,,,
jet,3,j,listen,t,,,,listen,,j,e,t,,,
join,3,j,howler_monkey,n,,,,howler_monkey,,j,oi,n,,,
joke,3,j,scare,k,,,,scare,,j,o,ke,,,
joy,2,j,howler_monkey,,,,,howler_monkey,,j,oy,,,,
jump,4,j,think,m,p,,,think,,j,u,m,p,,
jury,3,j,give,spider,,,,give,,j,ur,y,,,
just,4,j,think,s,t,,,think,,j,u,s,t,,
keep,3,k,spider,p,,,,spider,,k,ee,p,,,
key,2,k,spider,,,,,spider,,k,ey,,,,
kid,3,k,poop,d,,,,poop,,k,i,d,,,
kind,4,k,explorer,n,d,,,explorer,,k,i,n,d,,
knee,2,n,spider,,,,,spider,,kn,ee,,,,
knew,2,n,that_guy,,,,,that_guy,,kn,ew,,,,
know,2,n,scare,,,,,scare,,kn,ow,,,,
lab,3,l,mudslide,b,,,,mudslide,,l,a,b,,,
large,3,l,pirate,j,,,,pirate,,l,ar,ge,,,
lark,3,l,pirate,k,,,,pirate,,l,ar,k,,,
lawn,3,l,baby_monkey,n,,,,baby_monkey,,l,aw,n,,,
lead,3,l,spider,d,,,,spider,,l,ea,d,,,
learn,3,l,gorilla,n,,,,gorilla,,l,ear,n,,,
leave,3,l,spider,v,,,,spider,,l,ea,ve,,,
left,4,l,listen,f,t,,,listen,,l,e,f,t,,
let,3,l,listen,t,,,,listen,,l,e,t,,,
letter,4,l,listen,t,gorilla,,,listen,,l,e,tt,er,,
lid,3,l,poop,d,,,,poop,,l,i,d,,,
lie,2,l,explorer,,,,,explorer,,l,ie,,,,
light,3,l,explorer,t,,,,explorer,,l,igh,t,,,
like,3,l,explorer,k,,,,explorer,,l,i,ke,,,
lip,3,l,poop,p,,,,poop,,l,i,p,,,
live,3,l,explorer,v,,,,explorer,,l,i,ve,,,
loaf,3,l,scare,f,,,,scare,,l,oa,f,,,
log,3,l,orcs,g,,,,orcs,,l,o,g,,,
long,4,l,orcs,n,g,,,orcs,,l,o,n,g,,
look,3,l,backpack,k,,,,backpack,,l,oo,k,,,
loop,3,l,that_guy,p,,,,that_guy,,l,oo,p,,,
loud,3,l,bump_head,d,,,,bump_head,,l,ou,d,,,
love,3,l,think,v,,,,think,,l,o,ve,,,
low,2,l,scare,,,,,scare,,l,ow,,,,
loyal,3,l,howler_monkey,l,,,,howler_monkey,,l,oya,l,,,
mad,3,m,mudslide,d,,,,mudslide,,m,a,d,,,
maid,3,m,hello,d,,,,hello,,m,ai,d,,,
make,3,m,hello,k,,,,hello,,m,a,ke,,,
man,3,m,mudslide,n,,,,mudslide,,m,a,n,,,
map,3,m,mudslide,p,,,,mudslide,,m,a,p,,,
mark,3,m,pirate,k,,,,pirate,,m,ar,k,,,
math,3,m,mudslide,th,,,,mudslide,,m,a,th,,,
mature,4,m,think,t,give,,,give,,m,a,t,ure,,
may,2,m,hello,,,,,hello,,m,ay,,,,
me,2,m,spider,,,,,spider,,m,e,,,,
mean,3,m,spider,n,,,,spider,,m,ea,n,,,
meet,3,m,spider,t,,,,spider,,m,ee,t,,,
men,3,m,listen,n,,,,listen,,m,e,n,,,
might,3,m,explorer,t,,,,explorer,,m,igh,t,,,
moat,3,m,scare,t,,,,scare,,m,oa,t,,,
money,4,m,think,n,spider,,,think,,m,o,n,ey,,
mood,3,m,that_guy,d,,,,that_guy,,m,oo,d,,,
moose,3,m,that_guy,s,,,,that_guy,,m,oo,se,,,
most,4,m,scare,s,t,,,scare,,m,o,s,t,,
mountain,6,m,bump_head,n,t,listen,n,bump_head,,m,ou,n,t,ai,n
mouse,3,m,bump_head,s,,,,bump_head,,m,ou,se,,,
much,3,m,think,ch,,,,think,,m,u,ch,,,
mule,3,m,that_guy,l,,,,that_guy,,m,u,le,,,
music,5,m,that_guy,s,poop,c,,that_guy,,m,u,s,i,c,
must,4,m,think,s,t,,,think,,m,u,s,t,,
mute,3,m,that_guy,t,,,,that_guy,,m,u,te,,,
my,2,m,explorer,,,,,explorer,,m,y,,,,
myth,3,m,poop,th,,,,poop,,m,y,th,,,
nail,3,n,hello,l,,,,hello,,n,ai,l,,,
near,2,n,sound,,,,,sound,,n,ear,,,,
need,3,n,spider,d,,,,spider,,n,ee,d,,,
nest,4,n,listen,s,t,,,listen,,n,e,s,t,,
new,2,n,that_guy,,,,,that_guy,,n,ew,,,,
next,4,n,listen,x,t,,,listen,,n,e,x,t,,
night,3,n,explorer,t,,,,explorer,,n,igh,t,,,
no,2,n,scare,,,,,scare,,n,o,,,,
noise,3,n,howler_monkey,s,,,,howler_monkey,,n,oi,se,,,
nook,3,n,backback,k,,,,backpack,,n,oo,k,,,
noon,3,n,that_guy,n,,,,that_guy,,n,oo,n,,,
nose,3,n,scare,s,,,,scare,,n,o,se,,,
not,3,n,orcs,t,,,,orcs,,n,o,t,,,
note,3,n,scare,t,,,,scare,,n,o,te,,,
noun,3,n,bump_head,n,,,,bump_head,,n,ou,n,,,
now,2,n,bump_head,,,,,bump_head,,n,ow,,,,
nut,3,n,think,t,,,,think,,n,u,t,,,
off,2,orcs,f,,,,,orcs,,o,ff,,,,
oil,2,howler_monkey,l,,,,,howler_monkey,,oi,l,,,,
oink,3,howler_monkey,n,k,,,,howler_monkey,,oi,n,k,,,
okay,3,scare,k,hello,,,,hello,,o,k,ay,,,
old,3,scare,l,d,,,,scare,,o,l,d,,,
on,2,orcs,n,,,,,orcs,,o,n,,,,
open,4,scare,p,listen,n,,,scare,,o,p,e,n,,
other,3,think,th,gorilla,,,,think,,o,th,er,,,
out,2,bump_head,t,,,,,bump_head,,ou,t,,,,
over,3,scare,v,gorilla,,,,scare,,o,v,er,,,
owl,2,bump_head,l,,,,,bump_head,,ou,l,,,,
own,2,scare,n,,,,,scare,,ow,n,,,,
pack,3,p,mudslide,c,,,,mudslide,,p,a,ck,,,
paid,3,p,hello,d,,,,hello,,p,ai,d,,,
paint,4,p,hello,n,t,,,hello,,p,ai,n,t,,
park,3,p,pirate,k,,,,pirate,,p,ar,k,,,
party,4,p,pirate,t,spider,,,pirate,,p,ar,t,y,,
pay,2,p,hello,,,,,hello,,p,ay,,,,
pear,2,p,strong_wind,,,,,strong_wind,,p,ear,,,,
pen,3,p,listen,n,,,,listen,,p,e,n,,,
pet,3,p,listen,t,,,,listen,,p,e,t,,,
pew,2,p,that_guy,,,,,that_guy,,p,ew,,,,
pie,2,p,explorer,,,,,explorer,,p,ie,,,,
pig,3,p,poop,g,,,,poop,,p,i,g,,,
pine,3,p,explorer,n,,,,explorer,,p,i,ne,,,
pioneer,5,p,explorer,scare,n,sound,,sound,,p,i,o,n,eer,
plan,4,p,l,mudslide,n,,,mudslide,,p,l,a,n,,
play,3,p,l,hello,,,,hello,,p,l,ay,,,
please,4,p,l,spider,s,,,spider,,p,l,ea,se,,
pop,3,p,orcs,p,,,,orcs,,p,o,p,,,
porch,3,p,choice,ch,,,,choice,,p,or,ch,,,
pork,3,p,choice,k,,,,choice,,p,or,k,,,
port,3,p,choice,t,,,,choice,,p,or,t,,,
pray,3,p,r,hello,,,,hello,,p,r,ay,,,
pretty,5,p,r,listen,t,spider,,listen,,p,r,e,tt,y,
prey,3,p,r,hello,,,,hello,,p,r,ey,,,
proof,4,p,r,that_guy,f,,,that_guy,,p,r,oo,f,,
prune,4,p,r,that_guy,n,,,that_guy,,p,r,u,ne,,
pupil,5,p,that_guy,p,poop,l,,that_guy,,p,u,p,i,l,
pure,2,p,give,,,,,give,,p,ure,,,,
puree,3,p,give,hello,,,,give,,p,ur,ee,,,
put,3,p,backpack,t,,,,backpack,,p,u,t,,,
quick,4,c,w,poop,c,,,poop,,q,u,i,ck,,
quit,4,c,w,poop,t,,,poop,,q,u,i,t,,
rail,3,r,hello,l,,,,hello,,r,ai,l,,,
rain,3,r,hello,n,,,,hello,,r,ai,n,,,
rake,3,r,hello,k,,,,hello,,r,a,ke,,,
ran,3,r,mudslide,n,,,,mudslide,,r,a,n,,,
rare,2,r,strong_wind,,,,,strong_wind,,r,are,,,,
rash,3,r,mudslide,sh,,,,mudslide,,r,a,sh,,,
rat,3,r,mudslide,t,,,,mudslide,,r,a,t,,,
raw,2,r,baby_monkey,,,,,baby_monkey,,r,aw,,,,
ray,2,r,hello,,,,,hello,,r,ay,,,,
read,3,r,spider,d,,,,spider,,r,ea,d,,,
real,3,r,spider,l,,,,spider,,r,ea,l,,,
red,3,r,listen,d,,,,listen,,r,e,e,,,
ride,3,r,explorer,d,,,,explorer,,r,i,de,,,
right,3,r,explorer,t,,,,explorer,,r,igh,t,,,
road,3,r,scare,d,,,,scare,,r,oa,d,,,
roast,4,r,scare,s,t,,,scare,,r,oa,s,t,,
rode,3,r,scare,d,,,,scare,,r,o,de,,,
rose,3,r,scare,s,,,,scare,,r,o,se,,,
round,4,r,bump_head,n,d,,,bump_head,,r,ou,n,d,,
royal,3,r,howler_monkey,l,,,,howler_monkey,,r,oya,l,,,
rug,3,r,think,g,,,,think,,r,u,g,,,
rule,3,r,that_guy,l,,,,that_guy,,r,u,le,,,
run,3,r,think,n,,,,think,,r,u,n,,,
sad,3,s,mudslide,d,,,,mudslide,,s,a,d,,,
said,3,s,listen,d,,,,listen,,s,ai,d,,,
sail,3,s,hello,l,,,,hello,,s,ai,l,,,
sale,3,s,hello,l,,,,hello,,s,a,le,,,
same,3,s,hello,m,,,,hello,,s,a,me,,,
save,3,s,hello,v,,,,hello,,s,a,ve,,,
saw,2,s,baby_monkey,,,,,baby_monkey,,s,aw,,,,
say,2,s,hello,,,,,hello,,s,ay,,,,
scar,3,s,c,pirate,,,,pirate,,s,c,ar,,,
scare,3,s,c,strong_wind,,,,strong_wind,,s,c,are,,,
school,4,s,c,that_guy,l,,,that_guy,,s,c,oo,l,,
scoop,4,s,c,that_guy,p,,,that_guy,,s,c,oo,p,,
scorch,4,s,c,choice,ch,,,choice,,s,c,or,ch,,
scowl,4,s,c,bump_head,l,,,bump_head,,s,c,ow,l,,
screw,4,s,c,r,that_guy,,,that_guy,,s,c,r,ew,,
sea,2,s,spider,,,,,spider,,s,ea,,,,
secure,4,s,listen,c,give,,,give,,s,e,c,ure,,
see,2,s,spider,,,,,spider,,s,ee,,,,
seed,3,s,spider,d,,,,spider,,s,ee,d,,,
seem,3,s,spider,m,,,,spider,,s,ee,me,,,
set,3,s,listen,t,,,,listen,,s,e,t,,,
share,2,sh,strong_wind,,,,,strong_wind,,sh,are,,,,
shark,3,sh,pirate,k,,,,pirate,,sh,ar,k,,,
shave,3,sh,hello,v,,,,hello,,sh,a,ve,,,
shawl,3,sh,baby_monkey,l,,,,baby_monkey,,sh,aw,l,,,
she,2,sh,spider,,,,,spider,,sh,e,,,,
shield,4,sh,spider,l,d,,,spider,,sh,ie,l,d,,
shirt,3,sh,gorilla,t,,,,gorilla,,sh,ir,t,,,
shook,3,sh,backpack,k,,,,backpack,,sh,oo,k,,,
shoot,3,sh,that_guy,t,,,,that_guy,,sh,oo,t,,,
short,3,sh,choice,t,,,,choice,,sh,or,t,,,
should,3,sh,backpack,d,,,,backpack,,sh,oul,d,,,
shout,3,sh,bump_head,t,,,,bump_head,,sh,ou,t,,,
show,2,sh,scare,,,,,scare,,sh,ow,,,,
shy,2,sh,explorer,,,,,explorer,,sh,y,,,,
sigh,2,s,explorer,,,,,explorer,,s,igh,,,,
sister,5,s,poop,s,t,gorilla,,poop,,s,i,s,t,er,
sit,3,s,poop,t,,,,poop,,s,i,t,,,
six,3,s,poop,x,,,,poop,,s,i,x,,,
skirt,4,s,k,gorilla,t,,,gorilla,,s,k,ir,t,,
sky,3,s,k,explorer,,,,explorer,,s,k,y,,,
sled,4,s,l,listen,d,,,listen,,s,l,e,d,,
sleep,4,s,l,spider,p,,,spider,,s,l,ee,p,,
smart,4,s,m,pirate,t,,,pirate,,s,m,ar,t,,
smash,4,s,m,mudslide,sh,,,mudslide,,s,m,a,sh,,
smell,4,s,m,listen,l,,,listen,,s,m,e,ll,,
smoke,4,s,m,scare,k,,,scare,,s,m,o,ke,,
snail,4,s,n,hello,l,,,hello,,s,n,ai,l,,
snooze,4,s,n,that_guy,z,,,that_guy,,s,n,oo,ze,,
sew,2,s,scare,,,,,scare,,s,ew,,,,
soil,3,s,howler_monkey,l,,,,howler_monkey,,s,oi,l,,,
some,3,s,think,m,,,,think,,s,o,me,,,
son,3,s,think,n,,,,think,,s,o,n,,,
soon,3,s,that_guy,n,,,,that_guy,,s,oo,n,,,
sound,4,s,bump_head,n,d,,,bump_head,,s,ou,n,d,,
soup,3,s,that_guy,p,,,,that_guy,,s,ou,p,,,
spare,3,s,p,strong_wind,,,,strong_wind,,s,p,are,,,
spark,4,s,p,pirate,k,,,pirate,,s,p,ar,k,,
spat,4,s,p,mudslide,t,,,mudslide,,s,p,a,t,,
speak,4,s,p,spider,k,,,spider,,s,p,ea,k,,
spear,3,s,p,sound,,,,sound,,s,p,ear,,,
spill,4,s,p,poop,l,,,poop,,s,p,i,ll,,
spoil,4,s,p,howler_monkey,l,,,howler_monkey,,s,p,oi,l,,
sport,4,s,p,choice,t,,,choice,,s,p,or,t,,
spot,4,s,p,orcs,t,,,orcs,,s,p,o,t,,
spread,5,s,p,r,listen,d,,listen,,s,p,r,ea,d,
spy,3,s,p,explorer,,,,explorer,,s,p,y,,,
stab,4,s,t,mudslide,b,,,mudslide,,s,t,a,b,,
stairs,4,s,t,strong_wind,s,,,strong_wind,,s,t,ai,s,,
stare,3,s,t,strong_wind,,,,strong_wind,,s,t,are,,,
start,4,s,t,pirate,t,,,pirate,,s,t,ar,t,,
steer,3,s,t,sound,,,,sound,,s,t,eer,,,
stew,3,s,t,that_guy,,,,that_guy,,s,t,ew,,,
stir,3,s,t,gorilla,,,,gorilla,,s,t,ir,,,
stone,4,s,t,scare,n,,,scare,,s,t,o,ne,,
stop,4,s,t,orcs,p,,,orcs,,s,t,o,p,,
storm,4,s,t,choice,m,,,choice,,s,t,or,m,,
straw,4,s,t,r,baby_monkey,,,baby_monkey,,s,t,r,aw,,
street,5,s,t,r,spider,t,,spider,,s,t,r,ee,t,
stripe,5,s,t,r,explorer,p,,explorer,,s,t,r,i,pe,
stroke,5,s,t,r,scare,k,,scare,,s,t,r,o,ke,
stump,5,s,t,think,m,p,,think,,s,t,u,m,p,
suit,3,s,that_guy,t,,,,that_guy,,s,ui,t,,,
sum,3,s,think,m,,,,think,,s,u,m,,,
sun,3,s,think,n,,,,think,,s,u,n,,,
surf,3,s,gorilla,f,,,,gorilla,,s,ur,f,,,
sweat,4,s,w,listen,t,,,listen,,s,w,ea,t,,
sweet,4,s,w,spider,t,,,spider,,s,w,ee,t,,
sword,3,s,choice,d,,,,choice,,sw,or,d,,,
table,4,t,hello,b,l,,,hello,,t,a,b,le,,
tail,3,t,hello,l,,,,hello,,t,ai,l,,,
take,3,t,hello,k,,,,hello,,t,a,ke,,,
tap,3,t,mudslide,p,,,,mudslide,,t,a,p,,,
tar,2,t,pirate,,,,,pirate,,t,ar,,,,
taught,3,t,orcs,t,,,,orcs,,t,augh,t,,,
tear,2,t,air,,,,,air,,t,ear,,,,
tell,3,t,listen,l,,,,listen,,t,e,ll,,,
ten,3,t,listen,n,,,,listen,,t,e,n,,,
test,4,t,listen,s,t,,,listen,,t,e,s,t,,
thaw,2,th,baby_monkey,,,,,baby_monkey,,th,aw,,,,
them,3,th,listen,m,,,,listen,,th,e,m,,,
then,3,th,listen,n,,,,listen,,th,e,n,,,
they,2,th,hello,,,,,hello,,th,ey,,,,
thought,3,th,orcs,t,,,,orcs,,th,ough,t,,,
thread,4,th,r,listen,d,,,listen,,th,r,ea,d,,
three,3,th,r,spider,,,,spider,,th,r,ee,,,
threw,3,th,r,that_guy,,,,that_guy,,th,r,ew,,,
throw,3,th,r,scare,,,,scare,,th,r,ow,,,
tight,3,t,explorer,t,,,,explorer,,t,igh,t,,,
tip,3,t,poop,p,,,,poop,,t,i,p,,,
toast,4,t,scare,s,t,,,scare,,t,oa,s,t,,
today,4,t,that_guy,d,hello,,,hello,,t,o,d,ay,,
toe,2,t,scare,,,,,scare,,t,oe,,,,
told,4,t,scare,l,d,,,scare,,t,o,l,d,,
ton,3,t,think,n,,,,think,,t,o,n,,,
tone,3,t,scare,n,,,,scare,,t,o,ne,,,
too,2,t,that_guy,,,,,that_guy,,t,oo,,,,
top,3,t,orcs,p,,,,orcs,,t,o,p,,,
torch,3,t,choice,ch,,,,choice,,t,or,ch,,,
torn,3,t,choice,n,,,,choice,,t,or,n,,,
touch,3,t,think,ch,,,,think,,t,ou,ch,,,
tough,3,t,think,f,,,,think,,t,ou,gh,,,
town,3,t,bump_head,n,,,,bump_head,,t,ow,n,,,
toy,2,t,howler_monkey,,,,,howler_monkey,,t,oy,,,,
train,4,t,r,hello,n,,,hello,,t,r,ai,n,,
tree,3,t,r,spider,,,,spider,,t,r,ee,,,
truck,4,t,r,think,k,,,think,,t,r,u,ck,,
try,3,t,r,explorer,,,,explorer,,t,r,y,,,
tub,3,t,think,b,,,,think,,t,u,b,,,
tube,3,t,that_guy,b,,,,that_guy,,t,u,be,,,
turn,3,t,gorilla,n,,,,gorilla,,t,ur,n,,,
up,2,think,p,,,,,think,,u,p,,,,
upon,4,think,p,orcs,n,,,think,,u,p,o,n,,
us,2,think,s,,,,,think,,u,s,,,,
use,2,that_guy,s,,,,,that_guy,,u,se,,,,
veil,3,v,hello,l,,,,hello,,v,ei,l,,,
vein,3,v,hello,n,,,,hello,,v,ei,n,,,
wait,3,w,hello,t,,,,hello,,w,ai,t,,,
want,4,w,orcs,n,t,,,orcs,,w,a,n,t,,
water,4,w,orcs,t,gorilla,,,orcs,,w,a,t,er,,
wave,3,w,hello,v,,,,hello,,w,a,ve,,,
wax,3,w,mudslide,x,,,,mudslide,,w,a,x,,,
way,2,w,hello,,,,,hello,,w,ay,,,,
we,2,w,spider,,,,,spider,,w,e,,,,
wear,2,w,strong_wind,,,,,strong_wind,,w,ear,,,,
weight,3,w,hello,t,,,,hello,,w,eigh,t,,,
weird,3,w,sound,d,,,,sound,,w,eir,d,,,
wet,3,w,listen,t,,,,listen,,w,e,t,,,
white,3,w,explorer,t,,,,explorer,,wh,i,te,,,
why,2,w,explorer,,,,,explorer,,wh,y,,,,
wide,3,w,explorer,d,,,,explorer,,w,i,de,,,
wig,3,w,poop,g,,,,poop,,w,i,g,,,
wild,4,w,explorer,l,d,,,explorer,,w,i,l,d,,
winter,5,w,poop,n,t,gorilla,,poop,,w,i,n,t,er,
wish,3,w,poop,sh,,,,poop,,w,i,sh,,,
won,3,w,think,n,,,,think,,w,o,n,,,
wood,3,w,backpack,d,,,,backpack,,w,oo,d,,,
work,3,w,gorilla,k,,,,gorilla,,w,or,k,,,
world,4,w,gorilla,l,d,,,gorilla,,w,or,l,d,,
worm,3,w,gorilla,m,,,,gorilla,,w,or,m,,,
write,3,r,explorer,t,,,,explorer,,wr,i,te,,,
yard,3,y,pirate,d,,,,pirate,,y,ar,d,,,
yarn,3,y,pirate,n,,,,pirate,,y,ar,n,,,
year,2,y,sound,,,,,sound,,y,ear,,,,
yell,3,y,listen,l,,,,listen,,y,e,ll,,,
yes,3,y,listen,s,,,,listen,,y,e,s,,,
you,2,y,that_guy,,,,,that_guy,,y,ou,,,,
zip,3,z,poop,p,,,,poop,,a,i,p,,,