file name,text,index,left character,right character,left emote,right emote,RequireYN?,OnYes,OnNo,End Talkie ?,Talkie Motion
$Title,BoatGame_1_p1,,,,,,,,,,
$Quip Collection,no,,,,,,,,,,
$Talkie Start,left,,,,,,,,,,
$Talkie End,down,,,,,,,,,,
$Dim BG Start,yes,,,,,,,,,,
$Dim BG End,yes,,,,,,,,,,
$Letterbox Start,yes,,,,,,,,,,
$Letterbox End,yes,,,,,,,,,,
$Segments,,,,,,,,,,,
Boat_0_1_Red_1_1_T1,Hey there explorer!,0,Red,,1_MO_EP,,,,,,
Boat_0_1_Red_1_1_T2,I’m so excited to see you!,1,Red,,4_MO_EC,,,,,,
Boat_0_1_Red_1_1_T3,Thank you for agreeing to come along with me on such a short notice!,2,Red,,3_MO_EP,,,,,,
Boat_0_1_Red_2_1_T1,You see~ my friend Darwin said that he needs help watching over the Jungle kingdom while the king is away.,3,Red,,9_MO_EI,,,,,,
Boat_0_1_Red_2_1_T2,Prince Julius has been put in charge all by himself~ and needs as much help as he can get!,4,Red,,1_MO_EP,,,,,,
Boat_0_1_Red_3_1_T1,I know how reliable you are~ friend~ that's why I'm so happy you agreed to come along with us!,5,Red,,3_MO_EP,,,,,,
Boat_0_1_Red_3_1_T2,Plus~ this jungle is full of exciting games so I know that we’ll have so much fun!,6,Red,,4_MO_EC,,,,,,
,,,,,,,,,,,
$Voiceover,,,,,,,,,,,
Boat_0_1_Red_4_1_1,Let's find our way to Jungle Island explorer!,,,,,,,,,,
Boat_0_1_Red_5_1_1,Start the engine by pressing the blue button.,,,,,,,,,,
Boat_0_1_Red_6_1_1,Now let's look for the island.,,,,,,,,,,
Boat_0_1_Red_7_1_1,To do that turn the steering wheel until you spot the island.,,,,,,,,,,
Boat_0_1_Red_8_1_1,I know you can do it explorer!,,,,,,,,,,
Boat_0_1_Red_9_1_1,Alright explorer!,,,,,,,,,,
Boat_0_1_Red_10_1_1,Let’s make sure this is Jungle Island!,,,,,,,,,,
Boat_0_1_Red_11_1_1,Move the picture of the island to the outline.,,,,,,,,,,
Boat_0_1_Red_12_1_1,Alright!,,,,,,,,,,
Boat_0_1_Red_13_1_1,Now~ move the throttle up to drive us to the Island!,,,,,,,,,,
Boat_0_1_Red_14_1_1,Alright explorer!,,,,,,,,,,
Boat_0_1_Red_15_1_1,Are you ready to play?,,,,,,,,,,
Boat_0_1_Red_16_1_1,If so say Aye Aye Captain!,,,,,,,,,,
Boat_0_1_Red_17_1_1,Hmm.. it seems that your microphone is broken explorer.,,,,,,,,,,
Boat_0_1_Red_18_1_1,But that's okay!,,,,,,,,,,
Boat_0_1_Red_19_1_1,Press the microphone button to continue.,,,,,,,,,,
Boat_0_1_Red_20_1_1,Good Job! Now honk the horn to let the boathouse know that we’re here explorer!,,,,,,,,,,
,,,,,,,,,,,
$Title,BoatGame_2_p1,,,,,,,,,,
$Quip Collection,no,,,,,,,,,,
$Talkie Start,left,,,,,,,,,,
$Talkie End,down,,,,,,,,,,
$Dim BG Start,yes,,,,,,,,,,
$Dim BG End,yes,,,,,,,,,,
$Letterbox Start,yes,,,,,,,,,,
$Letterbox End,yes,,,,,,,,,,
$Segments,,,,,,,,,,,
Boat_0_2_Red_1_T1,Whoa there explorer!,0,Red,,5_MO_EP,,,,,,
Boat_0_2_Red_1_T2,We still have work to do on the island!,1,Red,,2_MO_EP,,,,,,
Boat_0_2_Red_1_T3,Well.. ,2,Red,,9_MO_EI,,,,,,
Boat_0_2_Red_1_T4,It wouldn't hurt to go on a little boat ride.,3,Red,,2_MO_EP,,,,,,
Boat_0_2_Red_1_T5,Do you want to go on another boat ride explorer? ,4,Red,,9_MO_EP,,yes,goto5,goto6,,
Boat_0_2_Red_2_T1,All aboard!,5,Red,,4_MO_EC,,,,,yes,
Boat_0_2_Red_3_T1,Then we better get back to the task at hand~ explorer!,6,Red,,14_MO_EP,,,,,yes,
,,,,,,,,,,,
$Voiceover,,,,,,,,,,,
Boat_0_2_Red_4_1,Alright explorer! Do you remember how to start the engine?,,,,,,,,,,
Boat_0_2_Red_5_1, Start the engine by pressing the blue button.,,,,,,,,,,
Boat_0_2_Red_6_1,Alright explorer! Now that the engine has started~ it’s time to find the island!,,,,,,,,,,
Boat_0_2_Red_7_1,Now~ let's look for the island. To do that~ turn the steering wheel until you spot the island. I know you can do it explorer!,,,,,,,,,,
Boat_0_2_Red_8_1,Do you remember what to do next explorer?,,,,,,,,,,
Boat_0_2_Red_9_1,Alright explorer!  Let’s make sure this is Jungle Island! Move the picture of the island to the outline. ,,,,,,,,,,
Boat_0_2_Red_10_1,Excellent job explorer! Now~ it’s time to make our way to the island! ,,,,,,,,,,
Boat_0_2_Red_11_1,Now~ move the throttle up to drive us to the Island!,,,,,,,,,,
Boat_0_2_Red_12_1,Alright explorer! We’re approaching the lighthouse again! Do you remember what we’re supposed to do next? ,,,,,,,,,,
Boat_0_2_Red_13_1,Remember to honk the horn to let the boathouse know that we’re here explorer!,,,,,,,,,,
,,,,,,,,,,,
$Title,BoatGame_2_p2,,,,,,,,,,
$Quip Collection,no,,,,,,,,,,
$Talkie Start,left,,,,,,,,,,
$Talkie End,down,,,,,,,,,,
$Dim BG Start,yes,,,,,,,,,,
$Dim BG End,yes,,,,,,,,,,
$Letterbox Start,yes,,,,,,,,,,
$Letterbox End,yes,,,,,,,,,,
$Segments,,,,,,,,,,,
Boat_0_2_Red_14_T1,And we’re back~ explorer!,0,Red,,4_MO_EC,,,,,,
Boat_0_2_Red_14_T2,Thank you for the boat ride!,1,Red,,3_MO_EP,,,,,,
Boat_0_2_Red_14_T3,It’s nice to take a break once and a while.,2,Red,,2_MO_EP,,,,,,
Boat_0_2_Red_14_T4,When you're ready~ come on out so we can get back to work.,3,Red,,1_MO_EP,,,,,,
,,,,,,,,,,,
$Title,BoatGame_3_p1,,,,,,,,,,
$Quip Collection,no,,,,,,,,,,
$Talkie Start,left,,,,,,,,,,
$Talkie End,down,,,,,,,,,,
$Dim BG Start,yes,,,,,,,,,,
$Dim BG End,yes,,,,,,,,,,
$Letterbox Start,yes,,,,,,,,,,
$Letterbox End,yes,,,,,,,,,,
$Segments,,,,,,,,,,,
Boat_0_3_Red_1_T1,Do you want to go on another boat ride explorer? ,0,Red,,9_MO_EO,,yes,goto7,goto1,,
Boat_0_3_Red_2_T1,Okay.,1,Red,,1_MO_EP,,,,,,
Boat_0_3_Red_2_T2,Then would you like to play on the ship?,2,Red,,9_MO_EO,,yes,goto3,goto6,,
Boat_0_3_Red_3_T1,Okay!,3,Red,,4_MO_EC,,,,,,
Boat_0_3_Red_3_T2,Have fun explorer!,4,Red,,3_MO_EP,,,,,,
Boat_0_3_Red_3_T3,Just come on out when you’re ready!,5,Red,,2_MO_EP,,,,,yes,
Boat_0_3_Red_4_T1,Then we better get back to the task at hand~ explorer!,6,Red,,3_MO_EP,,,,,yes,
Boat_0_3_Red_5_T1,Alright!,7,Red,,2_MO_EP,,,,,,
Boat_0_3_Red_5_T2,Let's have some fun~ explorer!,8,Red,,3_MO_EP,,,,,,
Boat_0_3_Red_5_T3,All aboard!!,9,Red,,4_MO_EC,,,,,yes,
,,,,,,,,,,,
$Title,Dock_1_p1,,,,,,,,,,
$Quip Collection,no,,,,,,,,,,
$Talkie Start,left,,,,,,,,,,
$Talkie End,left,,,,,,,,,,
$Dim BG Start,yes,,,,,,,,,,
$Dim BG End,yes,,,,,,,,,,
$Letterbox Start,yes,,,,,,,,,,
$Letterbox End,no,,,,,,,,,,
$Segments,,,,,,,,,,,
P_0_1_Red_1_1_T1,Hurray!,0,Red,,4_MO_EC,,,,,,
P_0_1_Red_1_1_T2,Welcome to the Jungle kingdom explorer!,1,Red,,2_MO_EP,,,,,,
P_0_1_Red_1_1_T3,I’m so excited to learn and help out my friend! ,2,Red,,3_MO_EC,,,,,,
P_0_1_Red_1_1_T4,I can't wait for you to meet him!,3,Red,,1_MO_EP,,,,,,
P_0_1_Red_2_1_T1,Oh! There he is up ahead!,4,Red,,5_MO_EI,,,,,,
,,,,,,,,,,,
$Title,Dock_1_p2,,,,,,,,,,
$Quip Collection,no,,,,,,,,,,
$Talkie Start,up,,,,,,,,,,
$Talkie End,down,,,,,,,,,,
$Dim BG Start,yes,,,,,,,,,,
$Dim BG End,yes,,,,,,,,,,
$Letterbox Start,yes,,,,,,,,,,
$Letterbox End,yes,,,,,,,,,,
$Segments,,,,,,,,,,,
P_0_1_Wally_3_T1,Let's get going.,0,Red,Wally,9_MC_EI,1_MO_EP,,,,,
,,,,,,,,,,,
$Title,GorillaIntro_1_p1,,,,,,,,,,
$Quip Collection,no,,,,,,,,,,
$Talkie Start,sides,,,,,,,,,,
$Talkie End,left,,,,,,,,,,
$Dim BG Start,yes,,,,,,,,,,
$Dim BG End,no,,,,,,,,,,
$Letterbox Start,yes,,,,,,,,,,
$Letterbox End,no,,,,,,,,,,
$Segments,,,,,,,,,,,
P_1_1_Red_0_T1,Hello Darwin! It’s been a while!,0,Red,Darwin,1_MO_EI,10_MC_EO,,,,,
P_1_1_Darwin_1_T1,OH!,1,Red,Darwin,1_MC_EI,13_MO_EI,,,,,
P_1_1_Darwin_2_T1,Hi there Red! It’s good to see you!,2,Red,Darwin,1_MC_EI,1_MO_EI,,,,,
P_1_1_Darwin_2_T2,I …. Uhh,3,Red,Darwin,1_MC_EI,7_MO_EP,,,,,
P_1_1_Darwin_2_T3,see you have others with you.,4,Red,Darwin,1_MC_EI,2_MO_EI,,,,,
P_1_1_Red_3_T1,Yes! This is Wally.,5,Red,Darwin,12_MO_EI,1_MC_EI,,,,,
P_1_1_Wally_4_T1,Hey.,6,Wally,Darwin,3_MO_EI,2_MC_EC,,,,,
P_1_1_Red_5_T1,And this here is the explorer! They’re super smart and can't wait to help and learn!,7,Red,Darwin,12_MO_EP,7_MC_EP,,,,,
P_1_1_Darwin_6_T1,Hi to the both of you! As Red said earlier my name is,8,Red,Darwin,1_MC_EI,1_MO_EP,,,,,
P_1_1_Darwin_6_T2,… uh Darwin…,9,Red,Darwin,1_MC_EI,7_MO_EO,,,,,
P_1_1_Darwin_6_T3,You see… I used to be the king's most trusted….,10,Red,Darwin,1_MC_EI,8_MO_EP,,,,,
P_1_1_Darwin_6_T4,Uhhh…,11,Red,Darwin,1_MC_EI,9_MO_EO,,,,,
P_1_1_Darwin_6_T5,Advisor!!,12,Red,Darwin,1_MC_EI,8_MO_EP,,,,,
P_1_1_Darwin_6_T6,Yes advisor!,13,Red,Darwin,1_MC_EI,4_MO_EP,,,,,
P_1_1_Darwin_6_T7,However… Adventure was calling my name and I just had to see what’s out there!,14,Red,Darwin,1_MC_EI,1_MO_EI,,,,,
P_1_1_Wally_7_T1,Red was saying earlier that the king is away? Why is that?,15,Darwin,Wally,1_MC_EI,9_MO_EI,,,,,
P_1_1_Darwin_8_T1,Oh right!,16,Darwin,Wally,8_MO_EI,9_MC_EI,,,,,
P_1_1_Darwin_8_T2,Yes yes the king is away to…,17,Darwin,Wally,7_MO_EO,9_MC_EI,,,,,
P_1_1_Darwin_8_T3,Uhh…,18,Darwin,Wally,9_MO_EO,9_MC_EI,,,,,
P_1_1_Darwin_8_T4,OH! YES!,19,Darwin,Wally,4_MO_EP,9_MC_EI,,,,,
P_1_1_RedWally_9_T1,!!!,20,Red,Wally,5_MO_EI,6_MO_EI,,,,,
P_1_1_Darwin_11_T1,The king went out to help another kingdom in need!,22,Darwin,Red,2_MO_EI,8_MC_EI,,,,,
P_1_1_Darwin_11_T2,How silly of me to forget.,23,Darwin,Red,11_MO_EO,8_MC_EI,,,,,
P_1_1_Darwin_11_T3,A kind king indeed...,24,Darwin,Red,7_MO_EO,8_MC_EI,,,,,
P_1_1_Darwin_11_T4,I even remember when he had Julius!,25,Darwin,Red,2_MO_EC,11_MC_EI,,,,,
P_1_1_Darwin_11_T5,I can’t wait to see him again!,26,Darwin,Red,4_MO_EI,11_MC_EI,,,,,
,,,,,,,,,,,
$Title,GorillaIntro_1_p2,,,,,,,,,,
$Quip Collection,no,,,,,,,,,,
$Talkie Start,right,,,,,,,,,,
$Talkie End,sides,,,,,,,,,,
$Dim BG Start,yes,,,,,,,,,,
$Dim BG End,yes,,,,,,,,,,
$Letterbox Start,yes,,,,,,,,,,
$Letterbox End,no,,,,,,,,,,
$Segments,,,,,,,,,,,
P_1_1_Julius_12_T1,I don’t know if I can do this guys...,0,Julius,,3_MO_EO,,,,,,
P_1_1_Julius_12_T2,I’m a bit nervous to run this kingdom on my own…,1,Julius,,5_MO_EI,,,,,,
P_1_1_Brutus_13_T1,But there's some perks to that though…,2,Julius,Brutus,5_MC_EI,3_MO,,,,,
P_1_1_Brutus_13_T2,yawn...,3,Julius,Brutus,5_MC_EI,6_MO,,,,,
P_1_1_Julius_14_T1,There is... Brutus?,4,Julius,Brutus,6_MO_EI,7_MC,,,,,
P_1_1_Marcus_15_T1,THAT'S RIGHT!,5,Julius,Marcus,1_MC_EI,2_MO,,,,,
P_1_1_Marcus_15_T2,Since you are the future king you can do anything you want! Haha!,6,Julius,Marcus,1_MC_EI,3_MO,,,,,
P_1_1_Julius_16_T1,I can... Marcus? ,7,Julius,Marcus,6_MO_EI,3_MC,,,,,
P_1_1_Brutus_17_T1,yeah…,8,Julius,Brutus,8_MC_EO,4_MO,,,,,
P_1_1_Brutus_17_T2,the whole kingdom is yours to do as you please…,9,Julius,Brutus,8_MC_EO,3_MO,,,,,
P_1_1_Marcus_18_T1,EXACTLY!!!,10,Julius,Marcus,8_MC_EI,2_MO,,,,,
P_1_1_Marcus_18_T2,You can do anything your little heart desires my prince!,11,Julius,Marcus,8_MC_EI,7_MO,,,,,
P_1_1_Marcus_18_T3,It is your birthright!,12,Julius,Marcus,8_MC_EI,3_MO,,,,,
P_1_1_Julius_19_T1,Anything I want…,13,Julius,Marcus,8_MO_EI,8_MC,,,,,
P_1_1_Brutus_20_T1,Yes~ anything you want...take your frustration and nerves out on this village… ,14,Julius,Brutus,2_MC_EI,4_MO,,,,,
P_1_1_Brutus_20_T2,after all...,15,Julius,Brutus,2_MC_EI,3_MO,,,,,
P_1_1_Brutus_20_T3,It is your kingdom….,16,Julius,Brutus,2_MC_EI,2_MO,,,,,
P_1_1_Brutus_20_T4,This is what you're supposed to do...,17,Julius,Brutus,2_MC_EI,5_MO,,,,,
P_1_1_Brutus_20_T5,yawn...,18,Julius,Brutus,2_MC_EI,6_MO,,,,,
P_1_1_Marcus_21_T1,YES YES!,19,Julius,Marcus,2_MC_EI,2_MO,,,,,
P_1_1_Marcus_21_T2,What he said!,20,Julius,Marcus,2_MC_EI,8_MO,,,,,
P_1_1_Marcus_21_T3,This is your playground my prince!,21,Julius,Marcus,2_MC_EI,2_MO,,,,,
P_1_1_Julius_22_T1,You’re right!,22,Julius,,2_MO_EI,,,,,,
P_1_1_Julius_22_T2,I am the future king!,23,Julius,,4_MO_EC,,,,,,
P_1_1_Julius_22_T3,I can do as I want!,24,Julius,,8_MO_EI,,,,,,
,,,,,,,,,,,
$Title,GorillaIntro_1_p3,,,,,,,,,,
$Quip Collection,no,,,,,,,,,,
$Talkie Start,sides,,,,,,,,,,
$Talkie End,down,,,,,,,,,,
$Dim BG Start,yes,,,,,,,,,,
$Dim BG End,yes,,,,,,,,,,
$Letterbox Start,yes,,,,,,,,,,
$Letterbox End,no,,,,,,,,,,
$Segments,,,,,,,,,,,
P_1_1_Darwin_23_T1,HUH!?,0,Darwin,,5_MO_EI,,,,,,
P_1_1_RedWally_24_T1,What was that!?,1,Red,Wally,5_MO_EI,6_MO_EI,,,,,
P_1_1_Marcus_26_T1,HAHAHA!,3,Marcus,Brutus,6_MO,8_MC,,,,,
P_1_1_Brutus_27_T1,Heh heh heh...,4,Marcus,Brutus,6_MC,8_MO,,,,,
P_1_1_Julius_28_T1,That felt... ,5,,Julius,,3_MO_EO,,,,,
P_1_1_Julius_28_T2,,6,,Julius,,8_MC_EI,,,,,
P_1_1_Julius_28_T3,Kinda good!,7,,Julius,,2_MO_EP,,,,,
P_1_1_Darwin_29_T1,Julius!,8,Darwin,Julius,6_MO_EI,10_MC_EI,,,,,
P_1_1_Julius_30_T1,Darwin!,9,Darwin,Julius,6_MC_EI,5_MO_EI,,,,,
P_1_1_Julius_30_T2,You’re here already?,10,Darwin,Julius,6_MC_EI,3_MO_EI,,,,,
P_1_1_Darwin_31_T1,Of course your highness…,11,Darwin,Julius,6_MO_EI,3_MC_EI,,,,,
P_1_1_Darwin_31_T2,Why did you do this?,12,Darwin,Julius,12_MO_EI,3_MC_EI,,,,,
P_1_1_Julius_32_T1,I.....,13,Darwin,Julius,12_MC_EI,5_MO_EI,,,,,
P_1_1_Julius_32_T2,,14,Darwin,Julius,12_MC_EI,3_MO_EI,,,,,
P_1_1_Julius_32_T3,Because this is my kingdom!,15,Darwin,Julius,12_MC_EI,7_MO_EI,,,,,
P_1_1_Julius_32_T4,And I can do what I want!,16,Darwin,Julius,12_MC_EI,4_MO_EC,,,,,
P_1_1_Darwin_33_T1,Your majesty!,17,Darwin,Julius,5_MO_EI,4_MC_EI,,,,,
P_1_1_Darwin_33_T2,,18,Darwin,Julius,6_MO_EI,4_MC_EI,,,,,
P_1_1_Darwin_33_T3,That's… uh… not-,19,Darwin,Julius,12_MO_EI,4_MC_EI,,,,,
P_1_1_Marcus_34_T1,SILENCE PEASANT! ,20,Darwin,Marcus,5_MC_EI,4_MO,,,,,
P_1_1_Brutus_35_T1,Yeah...,21,Darwin,Brutus,12_MC_EI,3_MO,,,,,
P_1_1_Brutus_35_T2,what he said,22,Darwin,Brutus,12_MC_EI,5_MO,,,,,
P_1_1_Darwin_36_T1,But!-,23,Darwin,Brutus,5_MO_EI,5_MC,,,,,
P_1_1_Julius_37_T1,They're right~ Darwin.,24,Julius,Brutus,2_MO_EI,5_MC,,,,,
P_1_1_Julius_37_T2,I am the future king.,25,Julius,Brutus,4_MO_EC,3_MC,,,,,
P_1_1_Julius_37_T3,Which means I can do what I want!,26,Julius,Brutus,4_MO_EI,3_MC,,,,,
P_1_1_Brutus_38_T1,Heh heh heh.,27,Marcus,Brutus,6_MC,8_MO,,,,,
P_1_1_Marcus_26_T1,HAHAHA!,28,Marcus,Brutus,6_MO,8_MC,,,,,
,,,,,,,,,,,
$Title,GorillaIntro_1_p4,,,,,,,,,,
$Quip Collection,no,,,,,,,,,,
$Talkie Start,up,,,,,,,,,,
$Talkie End,down,,,,,,,,,,
$Dim BG Start,yes,,,,,,,,,,
$Dim BG End,no,,,,,,,,,,
$Letterbox Start,yes,,,,,,,,,,
$Letterbox End,no,,,,,,,,,,
$Segments,,,,,,,,,,,
P_1_1_Wally_40_T1,If this is the prince we’re supposed to help,0,Wally,,8_MO_EP,,,,,,
P_1_1_Wally_40_T2,Then we're in big trouble.,1,Wally,,7_MO_EI,,,,,,
P_1_1_Darwin_41_T1,I wonder what's gotten into him... ,2,Wally,Darwin,7_MC_EI,9_MO_EO,,,,,
P_1_1_Darwin_41_T2,He’s always been a….little... troublemaker...,3,Wally,Darwin,7_MC_EI,12_MO_EI,,,,,
P_1_1_Darwin_41_T3,But he’s never acted out like…,4,Wally,Darwin,7_MC_EI,7_MO_EI,,,,,
P_1_1_Darwin_41_T4,umm…this…,5,Wally,Darwin,7_MC_EI,9_MO_EO,,,,,
P_1_1_Wally_42_T1,So this type of behavior is new for him?,6,Wally,Darwin,9_MO_EI,9_MC_EI,,,,,
P_1_1_Darwin_43_T1,That’s… uhh right. ,7,Wally,Darwin,8_MC_EI,9_MO_EO,,,,,
P_1_1_Red_44_T1,Then we must catch up to him and figure out what’s wrong!,8,Red,Darwin,7_MO_EI,9_MC_EO,,,,,
P_1_1_Wally_45_T1,I agree.,9,Red,Wally,6_MC_EI,1_MO_EI,,,,,
P_1_1_Red_46_T1,Darwin~ you know the prince the most.,10,Red,Wally,9_MO_EI,1_MC_EI,,,,,
P_1_1_Red_46_T2,Can you think of anything that’ll help him?,11,Red,Wally,7_MO_EI,1_MC_EI,,,,,
P_1_1_Darwin_47_T1,Hmm…,12,Red,Darwin,10_MC_EI,9_MO_EO,,,,,
P_1_1_Darwin_47_T2,Perhaps Julius has forgotten about how good he really is…,13,Red,Darwin,10_MC_EI,8_MO_EI,,,,,
P_1_1_Red_48_T1,Then maybe you can help him remember!,14,Red,Darwin,9_MO_EI,9_MC_EI,,,,,
P_1_1_Darwin_49_T1,You're right!,15,Red,Darwin,10_MC_EI,8_MO_EI,,,,,
P_1_1_Darwin_49_T2,However...,16,Red,Darwin,10_MC_EI,11_MO_EO,,,,,
P_1_1_Darwin_49_T3,I can’t seem to remember anything specific… ,17,Red,Darwin,10_MC_EI,12_MO_EO,,,,,
P_1_1_Darwin_50_T1,With this mess I can’t seem to think straight! ,18,Red,Darwin,1_MC_EI,7_MO_EI,,,,,
P_1_1_Red_51_T1,My friends and I can clean up while you think on things!,19,Red,Darwin,1_MO_EI,7_MC_EI,,,,,
P_1_1_Red_51_T2,Besides~ we shouldn't leave things messy anyway!,20,Red,Darwin,13_MO_EO,7_MC_EI,,,,,
P_1_1_Darwin_52_T1,Alright!,21,Red,Darwin,1_MC_EI,2_MO_EI,,,,,
P_1_1_Darwin_52_T2,Uhhh…,22,Red,Darwin,1_MC_EI,7_MO_EO,,,,,
P_1_1_Darwin_52_T3,I’ll leave it to you guys!,23,Red,Darwin,1_MC_EI,4_MO_EP,,,,,
P_1_1_Red_53_T1,Okay explorer!,24,Red,Darwin,1_MO_EP,1_MC_EP,,,,,
P_1_1_Red_53_T2,Let's clean things up!,25,Red,Darwin,3_MO_EC,1_MC_EP,,,,,
P_1_1_Red_53_T3,Maybe we’ll learn things while doing so!,26,Red,Darwin,2_MO_EP,1_MC_EP,,,,,
,,,,,,,,,,,
$Title,SectionIntro_1_p1,,,,,,,,,,
$Quip Collection,no,,,,,,,,,,
$Talkie Start,right,,,,,,,,,,
$Talkie End,down,,,,,,,,,,
$Dim BG Start,yes,,,,,,,,,,
$Dim BG End,yes,,,,,,,,,,
$Letterbox Start,yes,,,,,,,,,,
$Letterbox End,yes,,,,,,,,,,
$Segments,,,,,,,,,,,
//Darwin STAYS onscreen from the last part and now moves to the middle to talk to the player.,,,,,,,,,,,
P_1_1_Darwin_54_T1,Oh!,0,Darwin,,8_MO_EP,,,,,,
P_1_1_Darwin_54_T2,Before you run off explorer...,1,Darwin,,1_MO_EP,,,,,,
P_1_1_Darwin_54_T3,Let me help you navigate the area.,2,Darwin,,2_MO_EC,,,,,,
P_1_1_Darwin_54_T4,tap on me when you're ready!,3,Darwin,,10_MO_EO,,,,,,
,,,,,,,,,,,
$Title,PreStory_1_p1,,,,,,,,,,
$Quip Collection,no,,,,,,,,,,
$Talkie Start,up,,,,,,,,,,
$Talkie End,down,,,,,,,,,,
$Dim BG Start,yes,,,,,,,,,,
$Dim BG End,yes,,,,,,,,,,
$Letterbox Start,yes,,,,,,,,,,
$Letterbox End,yes,,,,,,,,,,
$Segments,,,,,,,,,,,
P_1_1a_Darwin_1_T1,Hey wait! Not so fast explorer.,0,Darwin,,13_MO_EP,,,,,,
P_1_1a_Darwin_2_T1,Come talk to me so I can prepare you for the challenges you’ll face!,1,Darwin,,1_MO_EP,,,,,,
,,,,,,,,,,,
$Title,PreStory_2_p1,,,,,,,,,,
$Quip Collection,no,,,,,,,,,,
$Talkie Start,up,,,,,,,,,,
$Talkie End,down,,,,,,,,,,
$Dim BG Start,yes,,,,,,,,,,
$Dim BG End,yes,,,,,,,,,,
$Letterbox Start,yes,,,,,,,,,,
$Letterbox End,yes,,,,,,,,,,
$Segments,,,,,,,,,,,
P_1_2_Darwin_1_T1,Are you ready to get started explorer?,0,Darwin,,7_MO_EP,,yes,goto2,goto1,,
P_1_2_Darwin_2_T1,Okay explorer~ come back when you are ready.,1,Darwin,,11_MO_EC,,,,,yes,
P_1_2_Darwin_3_T1,Alright explorer! Let's get started!,2,Darwin,,4_MO_EP,,,,,yes,
,,,,,,,,,,,
$Title,DarwinQuips_1_p1,,,,,,,,,,
$Quip Collection,yes,,,,,,,,,,
$Talkie Start,up,,,,,,,,,,
$Talkie End,down,,,,,,,,,,
$Dim BG Start,yes,,,,,,,,,,
$Dim BG End,yes,,,,,,,,,,
$Letterbox Start,yes,,,,,,,,,,
$Letterbox End,yes,,,,,,,,,,
$Segments,,,,,,,,,,,
P_1_3_Darwin_1_T1,Hmm… I can’t seem to remember…,0,Darwin,,9_MO_EO,,,,,yes,
P_1_3_Darwin_2_T1,Hmm… think think think….,1,Darwin,,7_MO_EO,,,,,yes,
P_1_3_Darwin_3_T1,.... what happened here…,2,Darwin,,12_MO_EO,,,,,yes,
P_1_3_Darwin_4_T1,Hmm…,3,Darwin,,9_MC_EO,,,,,yes,
P_1_3_Darwin_5_T1,I’m sure I’ll think of something soon explorer…,4,Darwin,,12_MO_EP,,,,,,
P_1_3_Darwin_5_T2,I hope...,5,Darwin,,9_MO_EO,,,,,yes,
,,,,,,,,,,,
$Title,RedLester_1_p1,,,,,,,,,,
$Quip Collection,no,,,,,,,,,,
$Talkie Start,up,,,,,,,,,,
$Talkie End,down,,,,,,,,,,
$Dim BG Start,yes,,,,,,,,,,
$Dim BG End,yes,,,,,,,,,,
$Letterbox Start,yes,,,,,,,,,,
$Letterbox End,yes,,,,,,,,,,
$Segments,,,,,,,,,,,
P_1_3a_Red_1_T1,Wow! Look at all the coins you received!,0,Red,,4_MO_EC,,,,,,
P_1_3a_Red_1_T2,Hey!,1,Red,,1_MO_EP,,,,,,
P_1_3a_Red_1_T3,What's that button up there,2,Red,,12_MO_EO,,,,,,
P_1_3a_Red_2_T1,Tap on it and let's see what happens!,3,Red,,9_MO_EP,,,,,,
,,,,,,,,,,,
$Title,ForceLester_1_p1,,,,,,,,,,
$Quip Collection,no,,,,,,,,,,
$Talkie Start,up,,,,,,,,,,
$Talkie End,down,,,,,,,,,,
$Dim BG Start,yes,,,,,,,,,,
$Dim BG End,yes,,,,,,,,,,
$Letterbox Start,yes,,,,,,,,,,
$Letterbox End,yes,,,,,,,,,,
$Segments,,,,,,,,,,,
P_1_3b_Darwin_1_T1,Uhhh...,0,Darwin,,7_MO_EO,,,,,,
P_1_3b_Darwin_1_T2,I think there’s someone you’ll still need to meet before we move forward... ,1,Darwin,,1_MO_EP,,,,,,
P_1_3b_Darwin_1_T3,Tap the glowing cart button!,2,Darwin,,4_MO_EP,,,,,,
,,,,,,,,,,,
$Title,LesterIntro_1_p1,,,,,,,,,,
$Quip Collection,no,,,,,,,,,,
$Talkie Start,right,,,,,,,,,,
$Talkie End,down,,,,,,,,,,
$Dim BG Start,yes,,,,,,,,,,
$Dim BG End,yes,,,,,,,,,,
$Letterbox Start,yes,,,,,,,,,,
$Letterbox End,yes,,,,,,,,,,
$Segments,,,,,,,,,,,
P_1_4_Lester_1_T1,Howdy there friend!,0,,Lester,,2_MO_EP,,,,,
P_1_4_Lester_1_T2,My name is Lester~,1,,Lester,,1_MO_EP,,,,,
P_1_4_Lester_1_T3,and I absolutely love making stickers!,2,,Lester,,7_MO_EC,,,,,
P_1_4_Lester_2_T1,Say there!,3,,Lester,,6_MO_EP,,,,,
P_1_4_Lester_2_T2,I see you’ve got some coins there!,4,,Lester,,5_MO_EP,,,,,
P_1_4_Lester_2_T3,I'll tell you what~ if you give me three coins I’ll make you a one of a kind sticker!,5,,Lester,,1_MO_EP,,,,,
P_1_4_Lester_2_T4,I promise you won't find another kind like it!,6,,Lester,,6_MO_EP,,,,,
P_1_4_Lester_2_T5,Guaranteed! ,7,,Lester,,2_MO_EP,,,,,
P_1_4_Lester_2_T6,How does that sound?!,8,,Lester,,1_MO_EP,,,,,
P_1_4_Lester_3_T1,Why don't we try for one now!,9,,Lester,,9_MO_EP,,,,,
,,,,,,,,,,,
$Title,LesterIntro_1_p2,,,,,,,,,,
$Quip Collection,no,,,,,,,,,,
$Talkie Start,right,,,,,,,,,,
$Talkie End,down,,,,,,,,,,
$Dim BG Start,yes,,,,,,,,,,
$Dim BG End,yes,,,,,,,,,,
$Letterbox Start,yes,,,,,,,,,,
$Letterbox End,yes,,,,,,,,,,
$Segments,,,,,,,,,,,
P_1_4_Lester_4_T1,Alright! Here you go! Now drag your sticker to the board to place it!,0,,Lester,,1_MO_EP,,,,,
P_1_4_Lester_4_T2,Careful!,1,,Lester,,8_MO_EP,,,,,
P_1_4_Lester_4_T3,You can only place your sticker once~ so when you hit yes~,2,,Lester,,6_MO_EP,,,,,
P_1_4_Lester_4_T4,make it count! ,3,,Lester,,5_MO_EC,,,,,
,,,,,,,,,,,
$Title,LesterIntro_1_p3,,,,,,,,,,
$Quip Collection,no,,,,,,,,,,
$Talkie Start,right,,,,,,,,,,
$Talkie End,down,,,,,,,,,,
$Dim BG Start,yes,,,,,,,,,,
$Dim BG End,yes,,,,,,,,,,
$Letterbox Start,yes,,,,,,,,,,
$Letterbox End,yes,,,,,,,,,,
$Segments,,,,,,,,,,,
P_1_4_Lester_5_T1,Good job!,0,,Lester,,7_MO_EP,,,,,
P_1_4_Lester_5_T2,Now if you ever run out of space you can remove stickers!,1,,Lester,,1_MO_EP,,,,,
P_1_4_Lester_5_T3,However! Once you remove a sticker you can't get it back. ,2,,Lester,,6_MO_EP,,,,,
P_1_4_Lester_5_T4,So be careful!,3,,Lester,,8_MO_EP,,,,,
P_1_4_Lester_5_T5,If you ever want to place your stickers or view your collection~,4,,Lester,,1_MO_EP,,,,,
P_1_4_Lester_5_T6,call for me again and click the stickerboard! ,5,,Lester,,3_MO_EP,,,,,
,,,,,,,,,,,
$Title,LesterIntro_1_p4,,,,,,,,,,
$Quip Collection,no,,,,,,,,,,
$Talkie Start,right,,,,,,,,,,
$Talkie End,down,,,,,,,,,,
$Dim BG Start,yes,,,,,,,,,,
$Dim BG End,yes,,,,,,,,,,
$Letterbox Start,yes,,,,,,,,,,
$Letterbox End,yes,,,,,,,,,,
$Segments,,,,,,,,,,,
P_1_4_Lester_6_T1,If you have the funds you can also buy more boards to place your stickers on!,0,,Lester,,1_MO_EP,,,,,
P_1_4_Lester_6_T2,I have MANY cool boards from my travels! so help yourself!,1,,Lester,,4_MO_EP,,,,,
,,,,,,,,,,,
$Title,LesterIntro_1_p5,,,,,,,,,,
$Quip Collection,no,,,,,,,,,,
$Talkie Start,right,,,,,,,,,,
$Talkie End,down,,,,,,,,,,
$Dim BG Start,yes,,,,,,,,,,
$Dim BG End,yes,,,,,,,,,,
$Letterbox Start,yes,,,,,,,,,,
$Letterbox End,yes,,,,,,,,,,
$Segments,,,,,,,,,,,
P_1_4_Lester_7_T1,Isn't that exciting?!,0,,Lester,,7_MO_EP,,,,,
P_1_4_Lester_8_T1,I’m always a holler away~,1,,Lester,,2_MO_EP,,,,,
P_1_4_Lester_8_T2,so call me with the cart button if you ever need me again!,2,,Lester,,5_MO_EP,,,,,
,,,,,,,,,,,
$Title,LesterFull_1_p1,,,,,,,,,,
$Quip Collection,no,,,,,,,,,,
$Talkie Start,up,,,,,,,,,,
$Talkie End,down,,,,,,,,,,
$Dim BG Start,yes,,,,,,,,,,
$Dim BG End,yes,,,,,,,,,,
$Letterbox Start,yes,,,,,,,,,,
$Letterbox End,yes,,,,,,,,,,
$Segments,,,,,,,,,,,
Sticker_0_2_Lester_1_T1,Whoaa!!,0,,Lester,,8_MO_EP,,,,,
Sticker_0_2_Lester_1_T2,Hold your stickers there explorer! You’re all out of inventory space.,1,,Lester,,5_MO_EP,,,,,
Sticker_0_2_Lester_1_T3,Why don't you place some stickers or buy more boards to make room before you try to roll again!,2,,Lester,,1_MO_EP,,,,,
,,,,,,,,,,,
$Title,LesterBuy_1_p1,,,,,,,,,,
$Quip Collection,yes,,,,,,,,,,
$Talkie Start,sides,,,,,,,,,,
$Talkie End,down,,,,,,,,,,
$Dim BG Start,yes,,,,,,,,,,
$Dim BG End,yes,,,,,,,,,,
$Letterbox Start,yes,,,,,,,,,,
$Letterbox End,yes,,,,,,,,,,
$Segments,,,,,,,,,,,
Sticker_0_1_Lester_1_T1,Howdy there explorer!,0,,Lester,,2_MO_EP,,,,,
Sticker_0_1_Lester_1_T2,You ready to roll?,1,,Lester,,7_MO_EP,,,,,
Sticker_0_1_Lester_1_T3,,2,,Lester,,1_MC_EP ,,,,yes,
,,,,,,,,,,,
$Voiceover,,,,,,,,,,,
Sticker_0_C_Lester_1,Hmm~ a mighty fine sticker indeed!,0,,,,,,,,,
Sticker_0_C_Lester_2,What a good sticker!,1,,,,,,,,,
Sticker_0_C_Lester_3,A cute little thing! Can’t wait to make more for yah!,2,,,,,,,,,
$Voiceover,,3,,,,,,,,,
Sticker_0_UC_Lester_1,That’s a pretty cool sticker explorer!,4,,,,,,,,,
Sticker_0_UC_Lester_2,What a cute sticker!,5,,,,,,,,,
Sticker_0_UC_Lester_3,I’m pretty proud of this one explorer!,6,,,,,,,,,
$Voiceover,,7,,,,,,,,,
Sticker_0_R_Lester_1,I've never made a sticker like this one!,8,,,,,,,,,
Sticker_0_R_Lester_2,Not often do my stickers come out like this,9,,,,,,,,,
Sticker_0_R_Lester_3,Take care of this one explorer~ it’s a rare one!,10,,,,,,,,,
$Voiceover,,11,,,,,,,,,
Sticker_0_L_Lester_1,WHOA! I-I’m speechless explorer!,12,,,,,,,,,
Sticker_0_L_Lester_2,I’ve never made a cutie like this before!,13,,,,,,,,,
Sticker_0_L_Lester_3,This is legendary explorer!,14,,,,,,,,,
,,,,,,,,,,,
$Title,VillageRebuilt_1_p1,,,,,,,,,,
$Quip Collection,no,,,,,,,,,,
$Talkie Start,up,,,,,,,,,,
$Talkie End,left,,,,,,,,,,
$Dim BG Start,yes,,,,,,,,,,
$Dim BG End,yes,,,,,,,,,,
$Letterbox Start,yes,,,,,,,,,,
$Letterbox End,no,,,,,,,,,,
$Segments,,,,,,,,,,,
P_1_5_Red_1_T1,Wow!,0,Red,,2_MO_EI,,,,,,
P_1_5_Red_1_T2,The village looks great! ,1,Red,,3_MO_EC,,,,,,
P_1_5_Wally_2_T1,Good job!,2,Red,Wally,1_MC_EP,4_MO_EP,,,,,
P_1_5_Darwin_3_T1,Wow this looks incredible!,3,Darwin,Wally,2_MO_EP,4_MC_EI,,,,,
P_1_5_Darwin_3_T2,I uhh...,4,Darwin,Wally,7_MO_EO,4_MC_EI,,,,,
P_1_5_Darwin_3_T3,Can’t believe how good it looks!,5,Darwin,Wally,4_MO_EP,4_MC_EI,,,,,
P_1_5_Wally_4_T1,Does this mean you’re getting your memories back? Will they be able to help the prince?,6,Darwin,Wally,1_MC_EI,9_MO_EI,,,,,
P_1_5_Darwin_5_T1,They’re starting to come back!,7,Darwin,Red,8_MO_EI,1_MC_EI,,,,,
P_1_5_Darwin_5_T2,It’s been so long that it makes remembering harder…,8,Darwin,Red,11_MO_EO,1_MC_EI,,,,,
P_1_5_Darwin_5_T3,But with the village being all cleaned up it’s making it easier! ,9,Darwin,Red,2_MO_EP,1_MC_EI,,,,,
P_1_5_Red_6_T1,I'm glad!,10,Darwin,Red,2_MC_EI,3_MO_EC,,,,,
P_1_5_Darwin_7_T1,As am I!,11,Darwin,Red,4_MO_EC,2_MC_EI,,,,,
P_1_5_Darwin_7_T2,I’m going to run up ahead and try to catch up to the prince!,12,Darwin,Red,3_MO_EO,2_MC_EI,,,,,
,,,,,,,,,,,
$Title,VillageRebuilt_1_p2,,,,,,,,,,
$Quip Collection,no,,,,,,,,,,
$Talkie Start,left,,,,,,,,,,
$Talkie End,left,,,,,,,,,,
$Dim BG Start,yes,,,,,,,,,,
$Dim BG End,yes,,,,,,,,,,
$Letterbox Start,yes,,,,,,,,,,
$Letterbox End,no,,,,,,,,,,
$Segments,,,,,,,,,,,
P_1_5_Red_8_T1,Alright explorer!,0,Red,Wally,2_MO_EP,2_MC_EP,,,,,
P_1_5_Red_8_T2,Let's follow Darwin!,1,Red,Wally,3_MO_EC,2_MC_EP,,,,,
P_1_5_RedWally_9_T3,!!!,2,Red,Wally,5_MO_EI,6_MO_EO,,,,,
,,,,,,,,,,,
$Title,VillageRebuilt_1_p3,,,,,,,,,,
$Quip Collection,no,,,,,,,,,,
$Talkie Start,sides,,,,,,,,,,
$Talkie End,down,,,,,,,,,,
$Dim BG Start,yes,,,,,,,,,,
$Dim BG End,yes,,,,,,,,,,
$Letterbox Start,yes,,,,,,,,,,
$Letterbox End,yes,,,,,,,,,,
$Segments,,,,,,,,,,,
P_1_1_Marcus_26_T1,HAHAHA!,0,Red,Marcus,5_MC_EI,6_MO,,,,,
P_1_1_Brutus_27_T1,Heh heh heh,1,Red,Brutus,10_MC_EI,8_MO,,,,,
P_1_5_Julius_12_T1,So we meet again.,2,Red,Julius,10_MC_EI,2_MO_EI,,,,,
P_1_5_Red_13_T1,Your highness!,3,Red,Julius,5_MO_EI,2_MC_EI,,,,,
P_1_5_Julius_14_T1,I see Darwin isn't with you.,4,Red,Julius,10_MC_EI,4_MO_EO,,,,,
P_1_5_Wally_15_T1,He went on ahead to look for you.,5,Wally,Julius,3_MO_EI,4_MC_EI,,,,,
P_1_5_Marcus_16_T1,THAT FOOL!,6,Marcus,Brutus,4_MO,5_MC,,,,,
P_1_5_Brutus_17_T1,Yawn...,7,Marcus,Brutus,4_MC,6_MO,,,,,
P_1_5_Red_18_T1,Don’t say that about Darwin! ,8,Red,,6_MO_EI,,,,,,
P_1_5_Red_18_T2,That isn’t nice!,9,Red,,8_MO_EI,,,,,,
P_1_5_Julius_19_T1,…,10,Red,Julius,8_MC_EI,9_MC_EI,,,,,
P_1_5_Julius_19_T2,You guys are getting in the way.,11,Red,Julius,8_MC_EI,2_MO_EI,,,,,
P_1_5_Julius_19_T3,It's starting to get annoying. ,12,Red,Julius,8_MC_EI,7_MO_EI,,,,,
P_1_5_Marcus_20_T1,Well spoken my prince!,13,Marcus,Brutus,3_MO,6_MO,,,,,
P_1_5_Brutus_21_T1,Heh heh…,14,Marcus,Brutus,3_MC,8_MO,,,,,
P_1_5_Brutus_21_T2,yeah,15,Marcus,Brutus,3_MC,3_MO,,,,,
P_1_5_Julius_22_T1,I'll tell you what.,16,Red,Julius,8_MC_EI,1_MO_EI,,,,,
P_1_5_Julius_22_T2,One of you will step up and accept my challenge.,17,Red,Julius,8_MC_EI,8_MO_EI,,,,,
P_1_5_Julius_22_T3,If you win~,18,Red,Julius,8_MC_EI,11_1_MO_EI,,,,,
P_1_5_Julius_22_T4,you can move forward and bother me some more.,19,Red,Julius,8_MC_EI,4_MO_EI,,,,,
P_1_5_Julius_22_T5,But If I win~,20,Red,Julius,8_MC_EI,14_MO_EI,,,,,
P_1_5_Julius_22_T6,you leave me alone.,21,Red,Julius,8_MC_EI,11_MO_EI,,,,,
P_1_5_RedWally_23_T1,?!?!!,22,Red,Wally,5_MO_EI,6_MO_EI,,,,,
P_1_5_Marcus_25_T1,YOU HEARD THE PRINCE!,24,Marcus,Brutus,4_ MO,7_MC,,,,,
P_1_5_Brutus_26_T1,Yeah…,25,Marcus,Brutus,5_MC,4_MO,,,,,
P_1_5_Brutus_26_T2,you tell them buddy...,26,Marcus,Brutus,5_MC,3_MO,,,,,
P_1_5_Brutus_26_T3,yawn...,27,Marcus,Brutus,5_MC,6_MO,,,,,
P_1_5_Marcus_27_T1,Quiet you!,28,Marcus,Brutus,5_MO,7_MO,,,,,
P_1_5_Wally_28_T1,We have no choice but to accept.,29,Wally,Julius,10_MO_EI,2_MC_EI,,,,,
P_1_5_Red_29_T1,The explorer will be the one to challenge you.,30,Red,Julius,14_MO_EP,7_MC_EI,,,,,
P_1_5_Red_29_T2,They have been learning so much!,31,Red,Julius,3_MO_EC,7_MC_EI,,,,,
P_1_5_Julius_30_T1,Alright then let’s start.,32,Red,Julius,14_MC_EP,2_MO_EP,,,,,
P_1_1_Marcus_26_T1,HAHAHA!,33,Marcus,Brutus,6_MO,8_MC,,,,,
P_1_1_Brutus_27_T1,Heh heh heh!,34,Marcus,Brutus,6_MC,8_MO,,,,,
P_1_5_Red_33_T1,It’s time to put what you've learned to the test!,35,Red,Wally,14_MO_EP,2_MC_EO,,,,,
P_1_5_Red_33_T2,You’ve got this explorer!,36,Red,Wally,3_MO_EC,2_MC_EO,,,,,
P_1_5_Wally_34,Good luck.,37,Red,Wally,2_MC_EP,11_MO_EP,,,,,
,,,,,,,,,,,
$Title,VillageRebuilt_1_p1,,,,,,,,,,
$Quip Collection,no,,,,,,,,,,
$Talkie Start,up,,,,,,,,,,
$Talkie End,sides,,,,,,,,,,
$Dim BG Start,yes,,,,,,,,,,
$Dim BG End,yes,,,,,,,,,,
$Letterbox Start,yes,,,,,,,,,,
$Letterbox End,no,,,,,,,,,,
$Segments,,,,,,,,,,,
P_1_6_Julius_1_T1,Impossible!,0,Julius,,7_MO_EP,,,,,,
P_1_6_Julius_1_T2,How could you beat me?!,1,Julius,,12_MO_EP,,,,,,
P_1_6_Julius_1_T3,The future king!,2,Julius,,14_MO_EP,,,,,,
P_1_6_Marcus_2_T1,HOW DARE YOU DO THIS TO THE FUTURE KING!,3,Marcus,Brutus,4_MO,6_MO,,,,,
P_1_6_Brutus_3_T1,Yeah..,4,Marcus,Brutus,4_MC,7_MO,,,,,
P_1_6_Brutus_3_T2,How dare you win fair and square…,5,Marcus,Brutus,5_MC,3_MO,,,,,
P_1_6_Marcus_4_T1,Enough out of you! You buffon!,6,Marcus,Brutus,5_MO,8_MC,,,,,
P_1_6_Red_5_T1,Good job explorer!,7,Red,Wally,4_MO_EC,11_MC_EO,,,,,
P_1_6_Red_5_T2,I knew you could do it!,8,Red,Wally,14_MO_EP,11_MC_EO,,,,,
P_1_6_Wally_6_T1,Good job!,9,Red,Wally,1_MC_EP,4_MO_EP,,,,,
P_1_6_Wally_6_T2,That was amazing!,10,Red,Wally,1_MC_EP,11_MO_EO,,,,,
P_1_6_Julius_7_T1,This isn't over!,11,Red,Julius,10_MC_EI,9_MO_EI,,,,,
P_1_6_Julius_7_T2,I’ll challenge you again!,12,Red,Julius,10_MC_EI,2_MO_EP,,,,,
,,,,,,,,,,,
$Voiceover,,,,,,,,,,,
P_1_6_Marcus_8,Next time you won't be so lucky!,0,,,,,,,,,
P_1_6_Brutus_9,Yawn...yeah… what he said…,1,,,,,,,,,
,,,,,,,,,,,
$Title,VillageDefeated_1_p3,,,,,,,,,,
$Quip Collection,no,,,,,,,,,,
$Talkie Start,sides,,,,,,,,,,
$Talkie End,left,,,,,,,,,,
$Dim BG Start,yes,,,,,,,,,,
$Dim BG End,yes,,,,,,,,,,
$Letterbox Start,yes,,,,,,,,,,
$Letterbox End,no,,,,,,,,,,
$Segments,,,,,,,,,,,
P_1_6_Red_10_T1,I don't know why he’s acting this way.,0,Red,Wally,7_MO_EI,7_MC_EI,,,,,
P_1_6_Wally_11_T1,I’m sure we’ll find out in time.,1,Red,Wally,7_MC_EI ,2_MO_EI,,,,,
P_1_6_Wally_11_T2,For now let's move forward,2,Red,Wally,1_MC_EI,1_MO_EP,,,,,
P_1_6_Red_12_T1,Alright explorer!,3,Red,Wally,3_MO_EP,3_MO_EP,,,,,
P_1_6_Red_12_T2,Let’s head out!,4,Red,Wally,4_MO_EC,4_MO_EC,,,,,
,,,,,,,,,,,
$Title,VillageDefeated_1_p4,,,,,,,,,,
$Quip Collection,no,,,,,,,,,,
$Talkie Start,left,,,,,,,,,,
$Talkie End,left,,,,,,,,,,
$Dim BG Start,yes,,,,,,,,,,
$Dim BG End,yes,,,,,,,,,,
$Letterbox Start,yes,,,,,,,,,,
$Letterbox End,yes,,,,,,,,,,
$Segments,,,,,,,,,,,
// this ones a wild one. Visually I'd like the bg to undim but bars stay in place after the last segment so they we can watch the tiger sign post spring in place. Then the bg dims for talkies again but the sign stays OVER the dim so it's in focus letting Red speak on the left as if to look at it.,,,,,,,,,,,
P_1_6_Red_13_T1,Oh!,0,Red,,5_MO_EI,,,,,,
P_1_6_Wally_14_T1,What’s that? ,1,Wally,,9_MO_EI,,,,,,
P_1_6_Red_15_T1,That's weird~,2,Red,,9_MO_EI,,,,,,
P_1_6_Red_15_T2,a signpost just popped up.,3,Red,,1_MO_EI,,,,,,
P_1_6_Red_16_T1,If you tap on it~ you can probably play the princes challenge games!,4,Red,,12_MO_EI,,,,,,
P_1_6_Red_17_T1,You should try it when you want to practice your skills!,5,Red,,12_MO_EP,,,,,,
,,,,,,,,,,,
$Title,ChaJuliusWins_1_p1,,,,,,,,,,
$Quip Collection,no,,,,,,,,,,
$Talkie Start,sides,,,,,,,,,,
$Talkie End,down,,,,,,,,,,
$Dim BG Start,yes,,,,,,,,,,
$Dim BG End,yes,,,,,,,,,,
$Letterbox Start,yes,,,,,,,,,,
$Letterbox End,yes,,,,,,,,,,
$Segments,,,,,,,,,,,
Cha_0_1a_Marcus_1_T1,HAHAHA!,0,Marcus,Brutus,6_MO,6_MO,,,,,
Cha_0_1a_Marcus_1_T2,Good job your majesty! ,1,Marcus,Brutus,3_MO,6_MO,,,,,
Cha_0_1a_Marcus_1_T3,Show them who is in charge!,2,Marcus,Brutus,2_MO,6_MO,,,,,
Cha_0_1a_Brutus_2_T1,Heh heh… ,3,Marcus,Brutus,2_MC,8_MO,,,,,
Cha_0_1a_Brutus_2_T2,nice.,4,Marcus,Brutus,2_MC,3_MO,,,,,
Cha_0_1a_Julius_3_T1,I'll be generous and let you challenge me again.,5,Red,Julius,14_MC_EI,4_MO_EI,,,,,
Cha_0_1a_Red_4_T1,It’s okay explorer! ,6,Red,Julius,1_MO_EP,13_MC_EI,,,,,
Cha_0_1a_Red_4_T2,Let's go practice some more.,7,Red,Julius,2_MO_EP,13_MC_EI,,,,,
,,,,,,,,,,,
$Title,ChaJuliusWins_2_p1,,,,,,,,,,
$Quip Collection,no,,,,,,,,,,
$Talkie Start,sides,,,,,,,,,,
$Talkie End,down,,,,,,,,,,
$Dim BG Start,yes,,,,,,,,,,
$Dim BG End,yes,,,,,,,,,,
$Letterbox Start,yes,,,,,,,,,,
$Letterbox End,yes,,,,,,,,,,
$Segments,,,,,,,,,,,
Cha_0_1a_Red_4_T1,It’s okay explorer! ,0,Red,,1_MO_EP,,,,,,
Cha_0_1a_Red_4_T2,Let's go practice some more.,1,Red,,2_MO_EP,,,,,,
,,,,,,,,,,,
$Title,ChaJulius_1_p1,,,,,,,,,,
$Quip Collection,no,,,,,,,,,,
$Talkie Start,sides,,,,,,,,,,
$Talkie End,down,,,,,,,,,,
$Dim BG Start,yes,,,,,,,,,,
$Dim BG End,yes,,,,,,,,,,
$Letterbox Start,yes,,,,,,,,,,
$Letterbox End,yes,,,,,,,,,,
$Segments,,,,,,,,,,,
Cha_0_1b_Julius_1_T1,Are you ready explorer?,0,,Julius,,2_MO_EP,yes,goto1,goto2,,
Cha_0_1b_Julius_2_T1,Alright~ let's do this.,1,,Julius,,4_MO_EP,,,,yes,
Cha_0_1b_Julius_3_T1,I’ll be waiting.,2,,Julius,,1_MO_EP,,,,yes,
,,,,,,,,,,,
$Title,ChaJulius_2_p1,,,,,,,,,,
$Quip Collection,no,,,,,,,,,,
$Talkie Start,sides,,,,,,,,,,
$Talkie End,down,,,,,,,,,,
$Dim BG Start,yes,,,,,,,,,,
$Dim BG End,yes,,,,,,,,,,
$Letterbox Start,yes,,,,,,,,,,
$Letterbox End,yes,,,,,,,,,,
$Segments,,,,,,,,,,,
Cha_0_1_Julius_1_T1,Ugh! How can this be!?,0,,Julius,,12_MO_EO,,,,,
Cha_0_1_Julius_1_T2,Well.,1,,Julius,,9_MO_EP,,,,,
Cha_0_1_Julius_1_T3,You won't be able to beat my friends.,2,,Julius,,4_MO_EP,,,,,
Cha_0_1_Julius_1_T4,Marcus! It’s your turn! ,3,,Julius,,7_MO_EI,,,,,
Cha_0_1_Marcus_2_T1,HA HA HA!!!,4,Julius,Marcus,12_MC_EI,6_MO,,,,,
Cha_0_1_Marcus_2_T2,Yes your highness!,5,Julius,Marcus,2_MC_EP,2_MO,,,,,
Cha_0_1_Marcus_2_T3,Are you ready to lose explorer!?,6,Julius,Marcus,2_MC_EP,3_MO,yes,goto7,goto9,,
Cha_0_1_Marcus_3_T1,HA HA HA!!!,7,,Marcus,,6_MO,,,,,
Cha_0_1_Marcus_3_T2,Prepare yourself explorer! ,8,,Marcus,,3_MO,,,,yes,
Cha_0_1_Marcus_4_T1,WHAT!? EXCUSE ME!?,9,,Marcus,,9_MO,,,,,
Cha_0_1_Marcus_4_T2,…,10,,Marcus,,9_MC,,,,,
Cha_0_1_Marcus_4_T3,Whatever.,11,,Marcus,,5_MO,,,,,
Cha_0_1_Marcus_4_T4,Come back when you're ready for my victory!,12,,Marcus,,2_MO,,,,,
Cha_0_1_Marcus_4_T5,HA HA HA!,13,,Marcus,,6_MO,,,,yes,
,,,,,,,,,,,
$Title,ChaMarcusWins_1_p1,,,,,,,,,,
$Quip Collection,no,,,,,,,,,,
$Talkie Start,sides,,,,,,,,,,
$Talkie End,down,,,,,,,,,,
$Dim BG Start,yes,,,,,,,,,,
$Dim BG End,yes,,,,,,,,,,
$Letterbox Start,yes,,,,,,,,,,
$Letterbox End,yes,,,,,,,,,,
$Segments,,,,,,,,,,,
Cha_0_2a_Marcus_1_T1,HA HA HA!!!,0,,Marcus,,6_MO,,,,,
Cha_0_2a_Marcus_1_T2,I told you I’d win!!!,1,,Marcus,,2_MO,,,,,
Cha_0_2a_Julius_2_T1,Take that explorer!,2,Marcus,Julius,3_MC,2_MO_EP,,,,,
Cha_0_2a_Julius_2_T2,I knew we’d beat you!,3,Marcus,Julius,3_MC,4_MO_EC,,,,,
Cha_0_1a_Red_4_T1,It’s okay explorer! ,4,Red,,1_MO_EP,,,,,,
Cha_0_1a_Red_4_T2,Let's go practice some more.,5,Red,,2_MO_EP,,,,,,
,,,,,,,,,,,
$Title,ChaMarcus_1_p1,,,,,,,,,,
$Quip Collection,no,,,,,,,,,,
$Talkie Start,sides,,,,,,,,,,
$Talkie End,down,,,,,,,,,,
$Dim BG Start,yes,,,,,,,,,,
$Dim BG End,yes,,,,,,,,,,
$Letterbox Start,yes,,,,,,,,,,
$Letterbox End,yes,,,,,,,,,,
$Segments,,,,,,,,,,,
Cha_0_2b_Marcus_1_T1,HAHAHA,0,,Marcus,,6_MO,,,,,
Cha_0_2b_Marcus_1_T2,Are you ready explorer?,1,,Marcus,,3_MO,yes,goto2,goto3,,
Cha_0_2b_Marcus_2_T1,Alright~ let's do this.,2,,Marcus,,3_MO,,,,yes,
Cha_0_2b_Marcus_3_T1,I’ll be waiting.,3,,Marcus,,5_MO,,,,yes,
,,,,,,,,,,,
$Title,ChaMarcus_2_p1,,,,,,,,,,
$Quip Collection,no,,,,,,,,,,
$Talkie Start,sides,,,,,,,,,,
$Talkie End,down,,,,,,,,,,
$Dim BG Start,yes,,,,,,,,,,
$Dim BG End,yes,,,,,,,,,,
$Letterbox Start,yes,,,,,,,,,,
$Letterbox End,yes,,,,,,,,,,
$Segments,,,,,,,,,,,
Cha_0_2_Marcus_1_T1,WHAT?!,0,,Marcus,,9_MO,,,,,
Cha_0_2_Marcus_1_T2,HOW IS THIS POSSIBLE?!,1,,Marcus,,4_MO,,,,,
Cha_0_2_Red_2_T1,You're doing great explorer!,2,Red,Marcus,2_MO_EP,4_MC,,,,,
Cha_0_2_Red_2_T2,We’re almost there!,3,Red,Marcus,4_MO_EC,4_MC,,,,,
Cha_0_2_Julius_3_T1,Enough games!,4,Red,Julius,5_MC_EI,7_MO_EP,,,,,
Cha_0_2_Julius_3_T2,Brutus it’s your turn! ,5,Red,Julius,5_MC_EI,8_MO_EO,,,,,
Cha_0_2_Brutus_4_T1,yawn…,6,Julius,Brutus,2_MC_EI,6_MO,,,,,
Cha_0_2_Brutus_4_T2,Alright…,7,Julius,Brutus,2_MC_EI,7_MO,,,,,
Cha_0_2_Brutus_4_T3,let's get this over with…,8,Julius,Brutus,2_MC_EI,5_MO,yes,goto9,goto12,,
Cha_0_2_Brutus_5_T1,Okay explorer…,9,,Brutus,,4_MO,,,,,
Cha_0_2_Brutus_5_T2,Yawn…,10,,Brutus,,6_MO,,,,,
Cha_0_2_Brutus_5_T3,Time for me to beat you I guess… ,11,,Brutus,,7_MO,,,,yes,
Cha_0_2_Brutus_6_T1,Yawn..,12,,Brutus,,6_MO,,,,,
Cha_0_2_Brutus_6_T2,Yeah whatever...,13,,Brutus,,7_MO,,,,,
Cha_0_2_Brutus_6_T3,I’ll be here…,14,,Brutus,,3_MO,,,,,
Cha_0_2_Brutus_6_T4,Or whatever…,15,,Brutus,,5_MO,,,,yes,
,,,,,,,,,,,
$Title,ChaBrutusWins_1_p1,,,,,,,,,,
$Quip Collection,no,,,,,,,,,,
$Talkie Start,sides,,,,,,,,,,
$Talkie End,down,,,,,,,,,,
$Dim BG Start,yes,,,,,,,,,,
$Dim BG End,yes,,,,,,,,,,
$Letterbox Start,yes,,,,,,,,,,
$Letterbox End,yes,,,,,,,,,,
$Segments,,,,,,,,,,,
Cha_0_3a_Brutus_1_T1,Heh…,0,,Brutus,,4_MO,,,,,
Cha_0_3a_Brutus_1_T2,Well would you look at that…,1,,Brutus,,3_MO,,,,,
Cha_0_3a_Brutus_1_T3,It looks like I win explorer…,2,,Brutus,,2_MO,,,,,
Cha_0_3a_Brutus_1_T4,yawn…,3,,Brutus,,6_MO,,,,,
Cha_0_3a_Brutus_1_T5,How exciting…,4,,Brutus,,7_MO,,,,,
Cha_0_2a_Julius_2_T1,Take that explorer!,5,,Julius,,2_MO_EP,,,,,
Cha_0_2a_Julius_2_T2,I knew we’d beat you!,6,,Julius,,4_MO_EC,,,,,
Cha_0_1a_Red_4_T1,It’s okay explorer! ,7,Red,,1_MO_EP,,,,,,
Cha_0_1a_Red_4_T2,Let's go practice some more.,8,Red,,2_MO_EP,,,,,,
,,,,,,,,,,,
$Title,ChaBrutus_1_p1,,,,,,,,,,
$Quip Collection,no,,,,,,,,,,
$Talkie Start,sides,,,,,,,,,,
$Talkie End,down,,,,,,,,,,
$Dim BG Start,yes,,,,,,,,,,
$Dim BG End,yes,,,,,,,,,,
$Letterbox Start,yes,,,,,,,,,,
$Letterbox End,yes,,,,,,,,,,
$Segments,,,,,,,,,,,
Cha_0_3b_Brutus_1_T1,he he he,0,,Brutus,,8_MO,,,,,
Cha_0_3b_Brutus_1_T2,Are you ready explorer?,1,,Brutus,,3_MO,yes,goto2,goto3,,
Cha_0_3b_Brutus_2_T1,Alright~ let's do this.,2,,Brutus,,4_MO,,,,yes,
Cha_0_3b_Brutus_3_T1,I’ll be waiting.,3,,Brutus,,5_MO,,,,yes,
,,,,,,,,,,,
$Title,ChaSignPost_1_p1,,,,,,,,,,
$Quip Collection,no,,,,,,,,,,
$Talkie Start,sides,,,,,,,,,,
$Talkie End,down,,,,,,,,,,
$Dim BG Start,yes,,,,,,,,,,
$Dim BG End,yes,,,,,,,,,,
$Letterbox Start,yes,,,,,,,,,,
$Letterbox End,yes,,,,,,,,,,
$Segments,,,,,,,,,,,
Cha_0_0_Julius_1_T1,You want to challenge me again?,0,,Julius,,10_MO_EP,,,,,
Cha_0_0_Julius_1_T2,You have guts,1,,Julius,,2_MO_EP,,,,,
Cha_0_0_Julius_1_T3,show me what you got!,2,,Julius,,4_MO_EC,yes,goto3,goto4,,
Cha_0_1b_Julius_2_T1,Alright~ let's do this.,3,,Julius,,8_MO_EP,,,,yes,
Cha_0_1b_Julius_3_T1,I’ll be waiting.,4,,Julius,,1_MO_EP,,,,yes,
,,,,,,,,,,,
$Title,MudslideIntro_1_p1,,,,,,,,,,
$Quip Collection,no,,,,,,,,,,
$Talkie Start,sides,,,,,,,,,,
$Talkie End,left,,,,,,,,,,
$Dim BG Start,yes,,,,,,,,,,
$Dim BG End,yes,,,,,,,,,,
$Letterbox Start,yes,,,,,,,,,,
$Letterbox End,yes,,,,,,,,,,
$Segments,,,,,,,,,,,
P_2_1_Wally_1,It looks like they destroyed this area as well,0,Wally,Red,7_MO_EI,8_MC_EI,,,,,
P_2_1_Red_2,Let’s clean up before moving forward!,1,Wally,Red,11_MC_EP,3_MO_EP,,,,,
,,,,,,,,,,,
$Title,MudslideRebuilt_1_p1,,,,,,,,,,
$Quip Collection,no,,,,,,,,,,
$Talkie Start,up,,,,,,,,,,
$Talkie End,left,,,,,,,,,,
$Dim BG Start,yes,,,,,,,,,,
$Dim BG End,yes,,,,,,,,,,
$Letterbox Start,yes,,,,,,,,,,
$Letterbox End,no,,,,,,,,,,
$Segments,,,,,,,,,,,
P_2_2_Red_1_T1,Wow!,0,Red,Wally,4_MO_EI,4_MC_EI,,,,,
P_2_2_Red_1_T2,This place looks amazing!,1,Red,Wally,3_MO_EP,4_MC_EI,,,,,
P_2_2_Red_1_T3,Good job explorer!,2,Red,Wally,4_MO_EC,4_MC_EI,,,,,
P_2_2_Wally_2_T1,Good job!,3,Red,Wally,2_MC_EI,11_MO_EP,,,,,
P_2_2_Red_3_T1,Alright!,4,Red,Wally,2_MO_EC,1_MC_EP,,,,,
P_2_2_Red_3_T2,Let’s move forward!,5,Red,Wally,1_MO_EP,1_MC_EP,,,,,
P_2_2_RedWally_3_T1,Huh?!,6,Red,Wally,5_MO_EI,6_MO_EO,,,,,
,,,,,,,,,,,
$Title,MudslideRebuilt_1_p2,,,,,,,,,,
$Quip Collection,no,,,,,,,,,,
$Talkie Start,sides,,,,,,,,,,
$Talkie End,down,,,,,,,,,,
$Dim BG Start,yes,,,,,,,,,,
$Dim BG End,yes,,,,,,,,,,
$Letterbox Start,yes,,,,,,,,,,
$Letterbox End,yes,,,,,,,,,,
$Segments,,,,,,,,,,,
P_1_1_Marcus_26_T1,HAHAHA!,0,Marcus,Brutus,6_MO,8_MC,,,,,
P_1_1_Brutus_27_T1,Heh heh heh. ,1,Marcus,Brutus,6_MC,8_MO,,,,,
P_2_2_Julius_4_T1,I told you we’d see each other again soon.,2,Julius,,8_MO_EP,,,,,,
P_1_1_Marcus_26_T1,HAHAHA!,3,Julius,Marcus,2_MC_EC,6_MO,,,,,
P_2_2_Marcus_5_T2,Prepare yourself commoners!,4,Julius,Marcus,2_MC_EC,3_MO,,,,,
P_2_2_Marcus_5_T3,The challenge is about to begin! ,5,Julius,Marcus,2_MC_EC,8_MO,,,,,
P_2_2_Red_6_T1,Again?!,6,Julius,Red,2_MC_EI,5_MO_EI,,,,,
P_2_2_Julius_7_T1,You know the rules.,7,Julius,Red,2_MO_EI,10_MC_EI,,,,,
P_2_2_Julius_7_T2,If you win~,8,Julius,Red,11_MO_EI,10_MC_EI,,,,,
P_2_2_Julius_7_T3,you can keep getting in my way and move forward.,9,Julius,Red,13_MO_EO,10_MC_EI,,,,,
P_2_2_Julius_7_T4,But If I win~,10,Julius,Red,14_MO_EI,10_MC_EI,,,,,
P_2_2_Julius_7_T5,you have to leave me alone~ and let me do what I want!,11,Julius,Red,7_MO_EI,10_MC_EI,,,,,
P_2_2_Wally_8_T1,It seems we don't have another choice.,12,Julius,Wally,4_MC_EI,8_MO_EI,,,,,
P_2_2_Red_9_T1,Alright explorer!,13,Red,Wally,1_MO_EP,2_MC_EP,,,,,
P_2_2_Red_9_T2,You can do it!,14,Red,Wally,2_MO_EP,2_MC_EP,,,,,
P_2_2_Red_9_T3,Show them what you're made of!,15,Red,Wally,3_MO_EP,2_MC_EP,,,,,
P_2_2_Wally_10_T1,Yeah you've got this!,16,Red,Wally,2_MC_EI,3_MO_EI,,,,,
P_2_2_Julius_11_T1,Alright~ Lets begin!,17,,Julius,,2_MO_EP,,,,,
P_1_1_Marcus_26_T1,HAHAHA!,18,Marcus,Brutus,6_MO,8_MC,,,,,
P_1_1_Brutus_27_T1,Heh heh heh. ,19,Marcus,Brutus,6_MC,8_MO,,,,,
,,,,,,,,,,,
$Title,MudslideDefeated_1_p1,,,,,,,,,,
$Quip Collection,no,,,,,,,,,,
$Talkie Start,sides,,,,,,,,,,
$Talkie End,left,,,,,,,,,,
$Dim BG Start,yes,,,,,,,,,,
$Dim BG End,yes,,,,,,,,,,
$Letterbox Start,yes,,,,,,,,,,
$Letterbox End,no,,,,,,,,,,
$Segments,,,,,,,,,,,
P_2_3_Julius_1_T1,Again?!,0,,Julius,,7_MO_EI,,,,,
P_2_3_Julius_1_T2,This cannot be!,1,,Julius,,9_MO_EO,,,,,
P_2_3_Marcus_2_T1,IMPOSSIBLE!!!,2,Marcus,Brutus,4_MO,5_MC,,,,,
P_2_3_Brutus_3_T1,Yawn…,3,Marcus,Brutus,5_MC,6_MO,,,,,
P_2_3_Brutus_3_T2,Over already…,4,Marcus,Brutus,5_MC,7_MO,,,,,
P_2_3_Marcus_4_T1,Quiet you!,5,Marcus,Brutus,5_MO,3_MC,,,,,
P_2_3_Red_5_T1,Hurray!,6,Red,Wally,4_MO_EC,1_MC_EI,,,,,
P_2_3_Red_5_T2,I knew you could do it!,7,Red,Wally,2_MO_EP,1_MC_EI,,,,,
P_2_3_Wally_6_T1,Good job explorer!,8,Red,Wally,2_MC_EP,11_MO_EP,,,,,
P_2_3_Julius_7_T1,You won't beat me next time! I promise!,9,Red,Julius,14_MC_EI,9_MO_EP,,,,,
,,,,,,,,,,,
$Title,MudslideDefeated_1_p2,,,,,,,,,,
$Quip Collection,no,,,,,,,,,,
$Talkie Start,sides,,,,,,,,,,
$Talkie End,down,,,,,,,,,,
$Dim BG Start,yes,,,,,,,,,,
$Dim BG End,yes,,,,,,,,,,
$Letterbox Start,yes,,,,,,,,,,
$Letterbox End,no,,,,,,,,,,
$Segments,,,,,,,,,,,
P_2_3_Marcus_8_T1,Yeah next time you’ll lose!,0,Marcus,Brutus,4_MO,5_MC,,,,,
P_2_3_Brutus_9_T1,Yawn...,1,Marcus,Brutus,5_MC,6_MO,,,,,
P_2_3_Brutus_9_T2,Yeah…,2,Marcus,Brutus,5_MC,7_MO,,,,,
P_2_3_Brutus_9_T3,what they said...,3,Marcus,Brutus,5_MC,4_MO,,,,,
,,,,,,,,,,,
$Title,MudslideDefeated_1_p3,,,,,,,,,,
$Quip Collection,no,,,,,,,,,,
$Talkie Start,sides,,,,,,,,,,
$Talkie End,left,,,,,,,,,,
$Dim BG Start,yes,,,,,,,,,,
$Dim BG End,yes,,,,,,,,,,
$Letterbox Start,yes,,,,,,,,,,
$Letterbox End,yes,,,,,,,,,,
$Segments,,,,,,,,,,,
P_2_3_Red_10_T1,Alright!,0,Red,Wally,2_MO_EP,1_MC_EI,,,,,
P_2_3_Red_10_T2,let's move forward and find Darwin! ,1,Red,Wally,3_MO_EC,1_MC_EI,,,,,
P_2_3_Red_11_T1,Hopefully he’s thought of something to help the prince.,2,Red,Wally,9_MO_EI,1_MC_EI,,,,,
P_2_3_Wally_12_T1,I agree~ let's hope he does.,3,Red,Wally,14_MC_EI,7_MO_EO,,,,,
,,,,,,,,,,,
$Title,OVillageIntro_1_p1,,,,,,,,,,
$Quip Collection,no,,,,,,,,,,
$Talkie Start,sides,,,,,,,,,,
$Talkie End,left,,,,,,,,,,
$Dim BG Start,yes,,,,,,,,,,
$Dim BG End,no,,,,,,,,,,
$Letterbox Start,yes,,,,,,,,,,
$Letterbox End,no,,,,,,,,,,
$Segments,,,,,,,,,,,
P_3_1_Wally_1_T1,It looks like they destroyed this area as well...,0,Red,Wally,8_MC_EI,7_MO_EO,,,,,
P_3_1_Red_2_T1,Oh!,1,Red,Wally,5_MO_EI,6_MC_EI,,,,,
,,,,,,,,,,,
$Title,OVillageIntro_1_p2,,,,,,,,,,
$Quip Collection,no,,,,,,,,,,
$Talkie Start,sides,,,,,,,,,,
$Talkie End,down,,,,,,,,,,
$Dim BG Start,yes,,,,,,,,,,
$Dim BG End,yes,,,,,,,,,,
$Letterbox Start,yes,,,,,,,,,,
$Letterbox End,yes,,,,,,,,,,
$Segments,,,,,,,,,,,
P_3_1_Red_3_T1,An orc!,0,Red,,9_MO_EI,,,,,,
P_3_1_Red_3_T2,Let's go over and talk to him. ,1,Red,,2_MO_EP,,,,,,
,,,,,,,,,,,
$Title,OVillageIntro_2_p1,,,,,,,,,,
$Quip Collection,no,,,,,,,,,,
$Talkie Start,sides,,,,,,,,,,
$Talkie End,down,,,,,,,,,,
$Dim BG Start,yes,,,,,,,,,,
$Dim BG End,yes,,,,,,,,,,
$Letterbox Start,yes,,,,,,,,,,
$Letterbox End,yes,,,,,,,,,,
$Segments,,,,,,,,,,,
P_3_1_Clogg_4_T1,You there.,0,,Clogg,,1_MO_EI,,,,,
P_3_1_Wally_5_T1,U-us?,1,Wally,Clogg,3_MO_EI,1_MC_EI,,,,,
P_3_1_Clogg_6_T1,Yes.,2,Wally,Clogg,3_MC_EI,1_MO_EI,,,,,
P_3_1_Clogg_6_T2,I’ve never seen you before~,3,Wally,Clogg,3_MC_EI,4_MO_EP,,,,,
P_3_1_Clogg_6_T3,and my village is in shambles.,4,Wally,Clogg,3_MC_EI,3_MO_EI,,,,,
P_3_1_Wally_7_T1,W-wait! That wasn't us! It was-,5,Wally,Clogg,7_MO_EI,1_MC_EI,,,,,
P_3_1_Clogg_8_T1,I don't want to hear it.,6,Wally,Clogg,2_MC_EO,6_MO_EI,,,,,
P_3_1_Clogg_8_T2,Clean this up~ then I’ll listen.,7,Wally,Clogg,2_MC_EO,1_MO_EP,,,,,
P_3_1_Red_9_T1,We were already planning on it sir!,8,Red,Clogg,1_MO_EI,1_MC_EI,,,,,
P_3_1_Red_9_T2,Just leave it to us!,9,Red,Clogg,14_MO_EI,1_MC_EI,,,,,
P_3_1_Red_9_T3,Alright explorer!,10,Red,Clogg,2_MO_EP,1_MC_EI,,,,,
P_3_1_Red_9_T4,Let’s do this!,11,Red,Clogg,3_MO_EC,1_MC_EI,,,,,
,,,,,,,,,,,
$Title,CloggQuips_1_p1,,,,,,,,,,
$Quip Collection,yes,,,,,,,,,,
$Talkie Start,up,,,,,,,,,,
$Talkie End,down,,,,,,,,,,
$Dim BG Start,yes,,,,,,,,,,
$Dim BG End,yes,,,,,,,,,,
$Letterbox Start,yes,,,,,,,,,,
$Letterbox End,yes,,,,,,,,,,
$Segments,,,,,,,,,,,
P_3_1a_Clogg_1_T1,Hnn…,0,,Clogg,,7_MC_EO,,,,yes,
P_3_1a_Clogg_2_T1,Tch.,1,,Clogg,,7_MC_EO,,,,yes,
P_3_1a_Clogg_3_T1,...,2,,Clogg,,7_MC_EP,,,,yes,
,,,,,,,,,,,
$Title,OVillageRebuilt_1_p1,,,,,,,,,,
$Quip Collection,no,,,,,,,,,,
$Talkie Start,sides,,,,,,,,,,
$Talkie End,left,,,,,,,,,,
$Dim BG Start,yes,,,,,,,,,,
$Dim BG End,no,,,,,,,,,,
$Letterbox Start,yes,,,,,,,,,,
$Letterbox End,no,,,,,,,,,,
$Segments,,,,,,,,,,,
P_3_2_Red_1_T1,Tah dah!,0,Red,Clogg,4_MO_EI,7_MC_EO,,,,,
P_3_2_Red_1_T2,All cleaned up Mr. Orc!,1,Red,Clogg,2_MO_EI,7_MC_EO,,,,,
P_3_2_Clogg_2_T1,...,2,Red,Clogg,2_MC_EI,8_MC_EO,,,,,
P_3_2_Clogg_2_T2,Clogg.,3,Red,Clogg,5_MC_EI,1_MO_EP,,,,,
P_3_2_Wally_3_T1,Huh?,4,Wally,Clogg,6_MO_EI,1_MC_EI,,,,,
P_3_2_Clogg_4_T1,"My name is Clogg~ not ""orc.""",5,Wally,Clogg,2_MC_EI,7_MO_EO,,,,,
P_3_2_Red_5_T1,Well it’s a pleasure to meet you Clogg!,6,Red,Clogg,3_MO_EC,7_MC_EI,,,,,
P_3_2_Red_5_T2,My name is Red and this is Wally!,7,Red,Clogg,2_MO_EI,7_MC_EI,,,,,
P_3_2_Wally_6_T1,H-hello,8,Red,Wally,1_MC_EI,11_MO_EO,,,,,
P_3_2_Red_7_T1,And this is my friend!,9,Red,Wally,12_MO_EP,2_MC_EO,,,,,
P_3_2_Red_7_T2,They’re an explorer.,10,Red,Wally,1_MO_EI,2_MC_EO,,,,,
P_3_2_Red_7_T3,They did most of the work!,11,Red,Wally,2_MO_EC,2_MC_EO,,,,,
P_3_2_Clogg_8_T1,I thank you for cleaning my Village~,12,Red,Clogg,1_MC_EI,5_MO_EI,,,,,
P_3_2_Clogg_8_T2,If you wish to explain~ now I will listen.,13,Red,Clogg,1_MC_EI,1_MO_EI,,,,,
P_3_2_Wally_9_T1,Well Clogg~,14,Wally,Clogg,2_MO_EO,1_MC_EI,,,,,
P_3_2_Wally_9_T2,we came to your kingdom to help the prince while the king. ,15,Wally,Clogg,1_MO_EI,1_MC_EI,,,,,
P_3_2_Wally_10_T1,Unfortunately~,16,Wally,Clogg,8_MO_EO,3_MC_EI,,,,,
P_3_2_Wally_10_T2,he’s destroying everything around him.,17,Wally,Clogg,8_MO_EI,3_MC_EI,,,,,
P_3_2_Clogg_11_T1,Is he now?,18,Wally,Clogg,2_MC_EI,2_MO_EI,,,,,
P_3_2_Red_12_T1,Sadly.,19,Red,Clogg,8_MO_EI,2_MC_EI,,,,,
P_3_2_Red_12_T2,But~ our friend Darwin is up ahead of us!,20,Red,Clogg,2_MO_EI,2_MC_EI,,,,,
P_3_2_Red_12_T3,He used to be the king's advisor.,21,Red,Clogg,1_MO_EI,2_MC_EI,,,,,
P_3_2_Red_12_T4,We’re hoping he is able to come up with something to stop the prince's behavior. ,22,Red,Clogg,11_MO_EC,2_MC_EI,,,,,
P_3_2_Clogg_13_T1,That doesn't sound like him..,23,Red,Clogg,8_MC_EI,3_MO_EI,,,,,
P_3_2_Clogg_13_T2,He's young~ but he'd never..,24,Red,Clogg,8_MC_EI,4_MO_EI,,,,,
P_1_1_RedWally_9_T1,!!!,25,Red,Wally,5_MO_EI,6_MO_EI,,,,,
P_3_1a_Clogg_3_T1,...,26,Clogg,,3_MC_EI,,,,,,
,,,,,,,,,,,
$Title,OVillageRebuilt_1_p2,,,,,,,,,,
$Quip Collection,no,,,,,,,,,,
$Talkie Start,sides,,,,,,,,,,
$Talkie End,down,,,,,,,,,,
$Dim BG Start,yes,,,,,,,,,,
$Dim BG End,yes,,,,,,,,,,
$Letterbox Start,yes,,,,,,,,,,
$Letterbox End,yes,,,,,,,,,,
$Segments,,,,,,,,,,,
P_1_1_Marcus_26_T1,HAHAHA!,0,Marcus,Brutus,6_MO,8_MC,,,,,
P_1_1_Brutus_27_T1,Heh heh heh. ,1,Marcus,Brutus,6_MC,8_MO,,,,,
P_3_2_Julius_17_T1,I see you were able to put the village back together again. ,2,,Julius,,7_MO_EI,,,,,
P_3_2_Wally_18_T1,That’s right.,3,Wally,Julius,5_MO_EI,7_MC_EI,,,,,
P_3_2_Marcus_19_T1,You have no right to speak to the future king!,4,Wally,Marcus,8_MC_EI,4_MO,,,,,
P_3_2_Brutus_20_T1,Yeah...,5,Brutus,Marcus,6_MO,5_MC,,,,,
P_3_2_Brutus_20_T2,No right to speak after being spoken to.,6,Brutus,Marcus,7_MO,5_MC,,,,,
P_3_2_Marcus_21_T1,QUIET YOU BUFFOON!,7,Brutus,Marcus,3_MC,4_MO,,,,,
P_3_2_Clogg_22_T1,What is the meaning of this!?,8,Clogg,Marcus,3_MO_EI,3_MC,,,,,
P_3_2_Marcus_23_T1,The future king is simply doing what he is allowed to do! ,9,Clogg,Marcus,2_MC_EI,3_MO,,,,,
P_3_2_Julius_24_T1,That's right!,10,Clogg,Julius,2_MC_EI,2_MO_EI,,,,,
P_3_2_Julius_24_T2,I’m the future king!,11,Clogg,Julius,2_MC_EI,4_MO_EC,,,,,
P_3_2_Julius_24_T3,And this is my kingdom!,12,Clogg,Julius,2_MC_EI,2_MO_EI,,,,,
P_3_2_Clogg_25_T1,Your majesty!,13,Clogg,Julius,3_MO_EI,3_MC_EI,,,,,
P_3_2_Clogg_25_T2,That isn't how-,14,Clogg,Julius,2_MO_EI,3_MC_EI,,,,,
P_3_2_Marcus_26_T1,SILENCE!!!,15,Clogg,Marcus,3_MC_EI,4_MO,,,,,
P_3_2_Marcus_26_T2,Do not lecture your future king!,16,Clogg,Marcus,2_MC_EI,5_MO,,,,,
P_3_2_Julius_27_T1,Enough!,17,Red,Julius,10_MC_EI,2_MO_EC,,,,,
P_3_2_Julius_27_T2,You know the rules.,18,Red,Julius,10_MC_EI,7_MO_EI,,,,,
P_3_2_Julius_27_T3,If you win~,19,Red,Julius,10_MC_EI,11_MO_EI,,,,,
P_3_2_Julius_27_T4,you can keep getting in my way and move forward.,20,Red,Julius,10_MC_EI,13_MO_EO,,,,,
P_3_2_Julius_27_T5,But~ If I beat you~,21,Red,Julius,10_MC_EI,14_MO_EI,,,,,
P_3_2_Julius_27_T6,you have to leave me alone and let me do what I want!,22,Red,Julius,10_MC_EI,7_MO_EI,,,,,
P_3_2_Wally_28_T1,Right!,23,Wally,Julius,5_MO_EI,9_MC_EI,,,,,
P_3_2_Red_29_T1,You’ve got this explorer!,24,Red,Julius,3_MO_EC,7_MC_EI,,,,,
P_3_2_Red_29_T2,Show the prince all that you've learned! ,25,Red,Julius,14_MO_EP,7_MC_EI,,,,,
P_3_2_Julius_30_T1,I've been practicing! ,26,Red,Julius,14_MC_EI,4_MO_EC,,,,,
P_3_2_Julius_30_T2,Prepare yourself!,27,Red,Julius,14_MC_EI,2_MO_EI,,,,,
,,,,,,,,,,,
$Title,OVillageDefeated_1_p1,,,,,,,,,,
$Quip Collection,no,,,,,,,,,,
$Talkie Start,sides,,,,,,,,,,
$Talkie End,down,,,,,,,,,,
$Dim BG Start,yes,,,,,,,,,,
$Dim BG End,no,,,,,,,,,,
$Letterbox Start,yes,,,,,,,,,,
$Letterbox End,no,,,,,,,,,,
$Segments,,,,,,,,,,,
P_3_3_Julius_1_T1,Drats!,0,,Julius,,9_MO_EO,,,,,
P_3_3_Julius_1_T2,I lost again?!,1,,Julius,,12_MO_EO,,,,,
P_3_3_Red_2_T1,Good Job explorer!,2,Red,Julius,4_MO_EI,12_MC_EI,,,,,
P_3_3_Red_2_T2,I knew you could do it!,3,Red,Julius,14_MO_EI,12_MC_EI,,,,,
P_3_3_Wally_3_T1,Amazing!,4,Wally,Julius,4_MO_EP,12_MC_EI,,,,,
P_3_3_Marcus_4_T1,How dare you make a mockery of the future king!,5,Marcus,Brutus,4_MO,7_MC,,,,,
P_3_3_Brutus_5_T1,Yawn…,6,Marcus,Brutus,5_MC,6_MO,,,,,
P_3_3_Brutus_5_T2,dang…,7,Marcus,Brutus,5_MC,3_MO,,,,,
P_3_3_Julius_6_T1,I’ll win next time!,8,,Julius,,9_MO_EI,,,,,
P_3_3_Julius_6_T2,Just you wait!,9,,Julius,,6_MO_EI,,,,,
,,,,,,,,,,,
$Title,OVillageDefeated_1_p2,,,,,,,,,,
$Quip Collection,no,,,,,,,,,,
$Talkie Start,up,,,,,,,,,,
$Talkie End,down,,,,,,,,,,
$Dim BG Start,yes,,,,,,,,,,
$Dim BG End,yes,,,,,,,,,,
$Letterbox Start,yes,,,,,,,,,,
$Letterbox End,yes,,,,,,,,,,
$Segments,,,,,,,,,,,
P_3_3_Wally_7_T1,There they go again.,0,,Wally,,7_MO_EI,,,,,
P_3_3_Red_8_T1,It’s okay~,1,Red,Wally,7_MO_EI,8_MC_EI,,,,,
P_3_3_Red_8_T2,I’m sure we’ll see them again soon.,2,Red,Wally,10_MO_EI,8_MC_EI,,,,,
P_3_3_Clogg_9_T1,I see… So it really was the prince. ,3,Red,Clogg,11_MC_EI,8_MO_EO,,,,,
P_3_3_Clogg_9_T2,I apologize for doubting you.,4,Red,Clogg,11_MC_EI,9_MO_EI,,,,,
P_3_3_Red_10_T1,It's okay!,5,Red,Clogg,7_MO_EI,9_MC_EI,,,,,
P_3_3_Red_10_T2,It does seem a bit strange that a prince would do this to their own kingdom.,6,Red,Clogg,9_MO_EI,9_MC_EI,,,,,
P_3_3_Clogg_11_T1,I worry for the future of this kingdom.,7,Red,Clogg,7_MC_EI,7_MO_EO,,,,,
P_3_3_Clogg_12_T1,Maybe the tigers aren't fit to rule.,8,Red,Clogg,5_MC_EI,2_MO_EI,,,,,
P_3_3_Red_13_T1,Hey don’t say that!,9,Red,Clogg,5_MO_EI,2_MC_EI,,,,,
P_3_3_Red_13_T2,We’re on a mission to help the pince~ and stop this!,10,Red,Clogg,14_MO_EP,2_MC_EI,,,,,
P_3_3_Clogg_14_T1,We will see.,11,Red,Clogg,14_MC_EI ,8_MC_EC,,,,,
P_3_3_Clogg_14_T2,Thank you for fixing my village.,12,Red,Clogg,14_MC_EI ,5_MO_EI,,,,,
P_3_3_Clogg_14_T3,You may come and go as you please. ,13,Red,Clogg,11_MC_EI,5_MO_EC,,,,,
P_3_3_Red_15_T1,You’re very welcome! ,14,Red,Clogg,3_MO_EC,5_MC_EI,,,,,
P_3_3_Wally_16_T1,Let's move forward~ team!,15,Red,Wally,2_MC_EI,5_MO_EP,,,,,
P_3_3_Red_17_T1,Onward explorer!,16,Red,Wally,4_MO_EP,11_MC_EI,,,,,
,,,,,,,,,,,
$Title,SpiderIntro_1_p1,,,,,,,,,,
$Quip Collection,no,,,,,,,,,,
$Talkie Start,sides,,,,,,,,,,
$Talkie End,left,,,,,,,,,,
$Dim BG Start,yes,,,,,,,,,,
$Dim BG End,yes,,,,,,,,,,
$Letterbox Start,yes,,,,,,,,,,
$Letterbox End,no,,,,,,,,,,
$Segments,,,,,,,,,,,
B_1_1_Red_1_T1,Darwin!,0,Red,Darwin,11_MO_EI,10_MC_EO,,,,,
B_1_1_Wally_2_T1,There you are!,1,Wally,Darwin,6_MO_EI,10_MC_EO,,,,,
B_1_1_Wally_2_T2,We’ve been looking for you! ,2,Wally,Darwin,7_MO_EI,10_MC_EO,,,,,
B_1_1_Darwin_3_T1,Oh! ,3,Wally,Darwin,7_MC_EI,13_MO_EI,,,,,
B_1_1_Darwin_3_T2,Hey there friends! ,4,Wally,Darwin,7_MC_EI,11_MO_EC,,,,,
B_1_1_Darwin_3_T3,I’m sorry for umm...,5,Wally,Darwin,7_MC_EI,11_MO_EO,,,,,
B_1_1_Darwin_3_T4,running off without you... ,6,Wally,Darwin,7_MC_EI,12_MO_EI,,,,,
B_1_1_Darwin_3_T5,I just started remembering all of the good times I had here~,7,Wally,Darwin,7_MC_EI,7_MO_EO,,,,,
B_1_1_Darwin_3_T6,and I just couldn't stop myself!,8,Wally,Darwin,7_MC_EI,4_MO_EI,,,,,
B_1_1_Red_4_T1,Well we’re together now so that’s what’s important.,9,Red,Wally,11_MO_EC,1_MC_EI,,,,,
B_1_1_Wally_5_T1,Agreed.,10,Red,Wally,11_MC_EI,4_MO_EI,,,,,
B_1_1_Darwin_6_T1,Well umm if it means anything…,11,Red,Darwin,1_MC_EI,11_MO_EO,,,,,
B_1_1_Darwin_6_T2,Taking that walk has reminded me of so many things that the prince did when he was a cub!,12,Red,Darwin,1_MC_EI,8_MO_EI,,,,,
B_1_1_Darwin_6_T3,Hopefully it’ll ummm…,13,Red,Darwin,1_MC_EI,9_MO_EI,,,,,
B_1_1_Darwin_6_T4,remind him of the good heart he has!,14,Red,Darwin,1_MC_EI,2_MO_EC,,,,,
B_1_1_Wally_7_T1,Yeah about him…,15,Red,Wally,6_MC_EI,8_MO_EO,,,,,
P_1_1_RedWally_9_T1,!!!,16,Red,Wally,5_MO_EI,6_MO_EI,,,,,
B_1_1_Darwin_10_T1,There you are!,17,Darwin,,4_MO_EI,,,,,,
,,,,,,,,,,,
$Title,SpiderIntro_1_p2,,,,,,,,,,
$Quip Collection,no,,,,,,,,,,
$Talkie Start,sides,,,,,,,,,,
$Talkie End,down,,,,,,,,,,
$Dim BG Start,yes,,,,,,,,,,
$Dim BG End,yes,,,,,,,,,,
$Letterbox Start,yes,,,,,,,,,,
$Letterbox End,no,,,,,,,,,,
$Segments,,,,,,,,,,,
B_1_1_Julius_11_T1,Oh~,0,Darwin,Julius,2_MC_EI,1_MO_EI,,,,,
B_1_1_Julius_11_T2,it’s you again Darwin.,1,Darwin,Julius,6_MC_EI,11_MO_EI,,,,,
B_1_1_Darwin_12_T1,Listen Julius~ you don't have to do this…,2,Darwin,Julius,6_MO_EI,7_MC_EI,,,,,
B_1_1_Marcus_13_T1,Silence! ,3,Darwin,Marcus,6_MC_EI,4_MO,,,,,
B_1_1_Marcus_13_T2,You have no right to speak to the prince!,4,Darwin,Marcus,6_MC_EI,9_MO,,,,,
B_1_1_Brutus_14_T1,Yeah...,5,Darwin,Brutus,6_MC_EI,2_MO,,,,,
B_1_1_Brutus_14_T2,what he said....,6,Darwin,Brutus,6_MC_EI,3_MO,,,,,
B_1_1_Julius_15_T1,Darwin! ,7,Darwin,Julius,12_MC_EI,7_MO_EI,,,,,
B_1_1_Julius_15_T2,This is my kingdom! I can do as I please! ,8,Darwin,Julius,12_MC_EI,2_MO_EC,,,,,
B_1_1_Julius_15_T3,I don’t need you to lecture me!,9,Darwin,Julius,12_MC_EI,13_MO_EO,,,,,
B_1_1_Marcus_16_T1,HAHAHA!,10,Marcus,Brutus,6_MO,8_MC,,,,,
B_1_1_Marcus_16_T2,That’s right!,11,Marcus,Brutus,1_MO,8_MC,,,,,
B_1_1_Brutus_17_T1,Heh heh heh.,12,Marcus,Brutus,6_MC,8_MO,,,,,
B_1_1_Red_18_T1,At least listen to what Darwin has to say!,13,Red,Julius,6_MO_EI,13_MC_EI,,,,,
B_1_1_Red_18_T2,He is your friend!,14,Red,Julius,7_MO_EI,13_MC_EO,,,,,
B_1_1_Darwin_19_T1,Julius...,15,Darwin,Julius,12_MO_EI,13_MC_EO,,,,,
B_1_1_Darwin_19_T2,do you remember when you were little and there was a festival in the Gorilla Village?,16,Darwin,Julius,1_MO_EI,13_MC_EO,,,,,
B_1_1_Julius_20_T1,…,17,Darwin,Julius,1_MC_EI,12_MC_EO,,,,,
B_1_1_Darwin_21_T1,The village was getting all decorated~,18,Darwin,Julius,2_MO_EI,12_MC_EO,,,,,
B_1_1_Darwin_21_T2,but there weren't enough villagers to help.,19,Darwin,Julius,7_MO_EO,12_MC_EO,,,,,
B_1_1_Julius_22_T1,Yeah…,20,Darwin,Julius,7_MC_EI,12_MO_EI,,,,,
B_1_1_Darwin_23_T1,And you took it upon yourself to help put the streamers up? ,21,Darwin,Julius,2_MO_EC,3_MC_EI,,,,,
B_1_1_Julius_24_T1,...,22,Darwin,Julius,2_MC_EI,3_MC_EI,,,,,
B_1_1_Darwin_25_T1,Remember how good it felt?,23,Darwin,Julius,2_MO_EI,3_MC_EI,,,,,
B_1_1_Darwin_25_T2,To help the villagers in your kingdom?,24,Darwin,Julius,4_MO_EI,3_MC_EI,,,,,
B_1_1_Julius_26_T1,Yeah…,25,Darwin,Julius,4_MC_EI,3_MO_EO,,,,,
B_1_1_Julius_26_T2,I do.,26,Darwin,Julius,4_MC_EI,3_MO_EI,,,,,
B_1_1_Marcus_27_T1,SILENCE!,27,,Marcus,6_MC_EI,4_MO,,,,,enlarge
B_1_1_RedDarwin_28_T1,Gasp!,28,Darwin,Red,6_MO_EI,5_MO_EI,,,,,
B_1_1_Marcus_31_T1,Your majesty!,31,,Marcus,,4_MO,,,,,
B_1_1_Marcus_31_T2,I must say that just because you helped out those commoners~,32,,Marcus,,5_MO,,,,,
B_1_1_Marcus_31_T3,doesn't mean you can’t do as you want!,33,,Marcus,,2_MO,,,,,
B_1_1_Marcus_31_T4,You helped them because you wanted to~,34,,Marcus,,7_MO,,,,,
B_1_1_Marcus_31_T5,but you can do whatever you want to their silly little village because you can!,35,,Marcus,,8_MO,,,,,
B_1_1_Marcus_31_T6,You are the future king!,36,,Marcus,,9_MO,,,,,
B_1_1_Marcus_31_T7,They should be grateful that you even paid that village any attention at all!,37,,Marcus,,5_MO,,,,,
B_1_1_Red_32_T1,Hey now! That’s not very nice!,38,Red,Marcus,6_MO_EI,5_MC,,,,,
B_1_1_Julius_33_T1,No they're right.,39,Red,Julius,6_MO_EI,7_MO_EI,,,,,
B_1_1_Julius_33_T2,This is my kingdom! I can do whatever I want!,40,Red,Julius,6_MO_EI,4_MO_EC,,,,,
B_1_1_Darwin_34_T1,Julius!,41,Darwin,Julius,12_MO_EI,13_MC_EI,,,,,
B_1_1_Darwin_34_T2,I don’t think-,42,Darwin,Julius,6_MO_EI,13_MC_EI,,,,,
B_1_1_Julius_35_T1,Silence! It doesn't matter what you think!,43,Darwin,Julius,6_MC_EI,13_MO_EI,,,,,
B_1_1_Julius_35_T2,...,44,Darwin,Julius,6_MC_EI,12_MC_EO,,,,,
B_1_1_Wally_36_T1,Your Highness…,45,Wally,Julius,7_MO_EI,12_MC_EO,,,,,
B_1_1_Julius_37_T1,NO!,46,Wally,Julius,2_MC_EI,7_MO_EI,,,,,shake
B_1_1_Julius_37_T2,IT DOESN'T MATTER! THIS IS MY KINGDOM!,47,Wally,Julius,6_MC_EI,15_MO_EC,,,,,
B_1_1_Marcus_38_T1,HAHAHA!,48,Marcus,Brutus,6_MO,8_MC,,,,,
B_1_1_Brutus_39_T1,Heh heh heh,49,Marcus,Brutus,6_MC,8_MO,,,,,
B_1_1_Darwin_40_T1,Julius! No!,50,Darwin,,12_MO_EI,,,,,,
B_1_1_Darwin_40_T2,Don't!,51,Darwin,,14_MO_EI,,,,,,
,,,,,,,,,,,
$Title,SpiderIntro_1_p3,,,,,,,,,,
$Quip Collection,no,,,,,,,,,,
$Talkie Start,sides,,,,,,,,,,
$Talkie End,sides,,,,,,,,,,
$Dim BG Start,yes,,,,,,,,,,
$Dim BG End,yes,,,,,,,,,,
$Letterbox Start,yes,,,,,,,,,,
$Letterbox End,no,,,,,,,,,,
$Segments,,,,,,,,,,,
B_1_1_RedWally_41_T1,No!,0,Red,Wally,6_MO_EI,10_MO_EI,,,,,
B_1_1_Julius_43_T1,Have fun cleaning this up!,1,,Julius,,8_MO_EI,,,,,
,,,,,,,,,,,
$Title,SpiderIntro_1_p4,,,,,,,,,,
$Quip Collection,no,,,,,,,,,,
$Talkie Start,sides,,,,,,,,,,
$Talkie End,sides,,,,,,,,,,
$Dim BG Start,yes,,,,,,,,,,
$Dim BG End,yes,,,,,,,,,,
$Letterbox Start,yes,,,,,,,,,,
$Letterbox End,no,,,,,,,,,,
$Segments,,,,,,,,,,,
P_1_1_Marcus_26_T1,HAHAHA!,0,Marcus,Brutus,6_MO,8_MC,,,,,
P_1_1_Brutus_27_T1,Heh heh heh. ,1,Marcus,Brutus,6_MC,8_MO,,,,,
,,,,,,,,,,,